location_name,year_id,poverty_rate,median_hh_income,uninsured_rate,prop_under18,prop_over65
Alabama,2010,17.110551692512,42081,,0.24026879987506,0.134789739363259
Alabama,2011,17.5622787941181,42934,,0.238488283330075,0.136354789460558
Alabama,2012,18.9625700396305,41574,13.3390823287354,0.233299384926202,0.145241737751977
Alabama,2013,18.7309442855916,42849,13.5727295036928,0.229614156544377,0.149271720632672
Alabama,2014,19.2525767580622,42830,12.1485729172588,0.228606684941179,0.153939774119438
Alabama,2015,18.4956589834372,44765,10.1289251150893,0.228115412723537,0.156791581111999
Alabama,2016,17.0886896901691,46257,9.09504155646521,0.226084551641889,0.161197540764501
Alabama,2017,16.8889188142811,48123,9.36528374185774,0.224434416801528,0.164770807592681
Alabama,2018,16.8020759775542,49861,10.0051890877808,0.222817868965854,0.169739135914184
Alabama,2019,15.4570519866625,51734,9.72316513751956,0.221406493942203,0.174236134267828
Alaska,2010,9.52058458715977,66521,,0.26786739951012,0.0725619186647936
Alaska,2011,9.51069809292325,69014,,0.26558613278379,0.0751830661492815
Alaska,2012,10.1172709080949,67712,20.4935213683412,0.256019216650785,0.0849259483573018
Alaska,2013,9.32904021526841,72237,18.5309049656861,0.256234254528438,0.089213909882851
Alaska,2014,11.2337210873833,71583,17.2071602339148,0.253510095937193,0.0948771059218277
Alaska,2015,10.3406796944913,73355,14.8602825481501,0.252414575749697,0.0961605130871902
Alaska,2016,9.8852435466761,76440,14.0068678584503,0.252456550396687,0.102214062925431
Alaska,2017,11.1054975071897,73181,13.6552644733572,0.250313938320751,0.112248663481099
Alaska,2018,10.906281168978,74346,12.6400881866618,0.248780236440216,0.119332065882149
Alaska,2019,10.0792321972749,75463,12.2117341010978,0.245711473661907,0.123831069858997
Arizona,2010,15.271138719121,50448,,0.258291744146138,0.133384431364714
Arizona,2011,16.1940331020995,50752,,0.25613830841265,0.135933611608469
Arizona,2012,18.6604445709471,47826,17.5515165773954,0.247142069093908,0.148183765167081
Arizona,2013,18.6262841407641,48510,17.1468677822238,0.243859014786413,0.153731975739079
Arizona,2014,18.2411941273949,50068,13.6391047419974,0.240967816309153,0.159067005135866
Arizona,2015,17.3725157212437,51492,10.8340176749134,0.237479871676676,0.164029487124097
Arizona,2016,16.3557520508491,53558,9.98202836924118,0.235378053406176,0.168779976427885
Arizona,2017,14.861800504575,56581,10.0575829520068,0.232705981953374,0.171152193401907
Arizona,2018,14.0230534385104,59246,10.6156877216181,0.228957062297832,0.1755668085123
Arizona,2019,13.4683273503267,62055,11.2845915881653,0.225266073677545,0.179597723060259
Arkansas,2010,18.012221611484,39267,,0.245854051472421,0.141294691654216
Arkansas,2011,18.3648972490782,40149,,0.244554077311314,0.14280189286474
Arkansas,2012,19.8270704876413,40112,16.4454819377985,0.241301251114311,0.149571856930058
Arkansas,2013,19.6798499307426,40511,15.9940750199345,0.240463773914272,0.153256112021026
Arkansas,2014,18.8660828012221,41262,11.7751106926491,0.238048604202646,0.156761346953127
Arkansas,2015,19.0662884173202,41995,9.4910349699946,0.237036818162893,0.160537693186901
Arkansas,2016,17.2227914566537,44334,7.89889280884662,0.236713954129644,0.162513285376582
Arkansas,2017,16.4030297076351,45869,7.85954657114134,0.235807992533317,0.165438695940024
Arkansas,2018,17.2453586595968,47062,8.2278247986913,0.233576932967243,0.168449063897207
Arkansas,2019,16.2075806463176,48952,9.14637027795892,0.231629356976132,0.173714727662897
California,2010,13.7133541354977,60883,,0.254531080219088,0.110832324115676
California,2011,14.3916675324067,61632,,0.251655918981206,0.112737981887625
California,2012,16.9564750711104,58328,17.8806550661047,0.242874834095353,0.120904839802289
California,2013,16.8350721679151,60190,17.1818984010516,0.239331610879441,0.125066337275339
California,2014,16.4452456774563,61933,12.4465470383582,0.235850241608144,0.128602332323948
California,2015,15.3436878329547,64500,8.58291728138809,0.232889523205856,0.132573307659778
California,2016,14.3470697804896,67739,7.33648893949164,0.231675033414635,0.136265902763813
California,2017,13.3018957247136,71805,7.16214003004341,0.229088334816809,0.139233257807635
California,2018,12.8014526286905,75277,7.23359368129994,0.227153924161929,0.143269978836892
California,2019,11.7543240253637,80440,7.69790567266211,0.225020596791023,0.147675771115181
Colorado,2010,12.2385693931435,56456,,0.246064045445719,0.105384811034689
Colorado,2011,12.5248755193563,57685,,0.244165345532405,0.107706288746755
Colorado,2012,13.7074821007636,56765,14.7454073454993,0.237356633591527,0.117769511884342
Colorado,2013,12.9564409009405,58823,14.0952959751585,0.23561855125127,0.122418009223731
Colorado,2014,12.0444539576781,61303,10.3040017683177,0.232855900427681,0.126883682302731
Colorado,2015,11.4905036277876,63909,8.06027572342699,0.230322543046241,0.130406368538207
Colorado,2016,11.0461232320485,65685,7.52131151152033,0.227506860787161,0.134112438397306
Colorado,2017,10.2918346980105,69117,7.50946215771653,0.225133641772635,0.137984260821087
Colorado,2018,9.63762009101635,71953,7.52384189803724,0.222407824756249,0.141839333207387
Colorado,2019,9.34707295477184,77127,8.00598637159464,0.218158984888351,0.146799228163958
Connecticut,2010,9.15036561461306,67740,,0.233378748092481,0.138670502902418
Connecticut,2011,9.47659221893451,69243,,0.230512746432719,0.140373764955713
Connecticut,2012,10.6880302900713,67276,9.10910058481551,0.220804841426191,0.148181777415943
Connecticut,2013,10.7277512492996,67098,9.38900307758861,0.218388356210095,0.151416542457342
Connecticut,2014,10.7519188071938,70048,6.92966558438441,0.215442198451515,0.154455904714268
Connecticut,2015,10.5405391429652,71346,5.95033950134865,0.212572885911722,0.157421594559114
Connecticut,2016,9.77451020517571,73433,4.8852901178218,0.210309547003567,0.161232416931641
Connecticut,2017,9.59425530008752,74168,5.47984714926134,0.206867317841003,0.167520394717774
Connecticut,2018,10.419538541339,76348,5.30452273399318,0.205747250301945,0.171621744552036
Connecticut,2019,10.0319149612507,78833,5.89501622108246,0.204031821281148,0.176432360143798
Delaware,2010,10.964551567516,57599,,0.232921961061095,0.139470178536171
Delaware,2011,11.1817119148386,59317,,0.23062649855869,0.142055506164857
Delaware,2012,12.0469767765606,58415,8.84845195837925,0.223445412237813,0.153542937894999
Delaware,2013,12.3652426576269,57846,9.13700683048419,0.220025082392744,0.158730930306163
Delaware,2014,12.4787409123241,59716,7.77442368041002,0.217869762530274,0.1643402086758
Delaware,2015,12.4256401062633,61255,5.85242959913145,0.215871297574672,0.170016089917478
Delaware,2016,11.6749598646619,61757,5.6655311935262,0.214520017015645,0.175065778071875
Delaware,2017,13.5821602721866,62852,5.40960814307386,0.212397043887398,0.180070669761804
Delaware,2018,12.4621327273152,64805,5.66702127994741,0.210045586561218,0.186891459731526
Delaware,2019,11.2579964125276,70176,6.56330446748043,0.209440891222103,0.194747392592045
District of Columbia,2010,18.4584215289908,58526,,0.176403148528405,0.114832306639288
District of Columbia,2011,18.1598188173194,61835,,0.1734525342829,0.114299904874948
District of Columbia,2012,18.1780185939671,66583,5.93099230744472,0.173095079571675,0.113709290979452
District of Columbia,2013,18.8874250557383,67572,6.65190388042143,0.172530238270923,0.114411190983357
District of Columbia,2014,17.7256469766645,71648,5.27620276372526,0.174580698231731,0.113015315081508
District of Columbia,2015,17.3190162798753,75628,3.7809415119528,0.175294691681989,0.113936045508369
District of Columbia,2016,18.5759680323136,75506,3.92646631444816,0.177315501269874,0.116119324104115
District of Columbia,2017,16.6383608671565,82372,3.80384552388975,0.179543266875321,0.12103081968725
District of Columbia,2018,16.150970582828,85203,3.16057487042033,0.18109914514097,0.121895352727221
District of Columbia,2019,13.4514836391839,92266,3.51794935106137,0.181227320194573,0.12403418212424
Florida,2010,13.8198388925771,47661,,0.216787617723354,0.169304739401522
Florida,2011,14.6555361022345,47827,,0.214344194730241,0.171570953213817
Florida,2012,17.1240428079259,45040,20.0716740299205,0.207115771509126,0.181639169071386
Florida,2013,17.0064898235489,46036,20.0204602442998,0.206043003427632,0.186381071618167
Florida,2014,16.4950198277266,47463,16.5710148673693,0.203788391637646,0.190564389603191
Florida,2015,15.7021537573651,49426,13.3343009270112,0.20240412145819,0.194621876713015
Florida,2016,14.7266684898904,50860,12.5366460503864,0.201098957770112,0.198460939047533
Florida,2017,14.0472398531448,52594,12.9415605542785,0.200185852347458,0.200874554430911
Florida,2018,13.6044844114859,55462,12.9952566695182,0.198498074469496,0.204644231683398
Florida,2019,12.6599205924647,59227,13.1605533358826,0.197039148025697,0.209435379528113
Georgia,2010,15.7065129003987,49347,,0.260061897924925,0.102584219883903
Georgia,2011,16.5096276582869,49736,,0.258179270238189,0.104796340066654
Georgia,2012,19.1506305661192,47209,18.4406133252313,0.251588794091096,0.114855072281147
Georgia,2013,18.9670230597658,47829,18.8381418947081,0.249233324463052,0.1191706463673
Georgia,2014,18.3020643924144,49321,15.8312336136571,0.246740256322876,0.12368303225908
Georgia,2015,17.0467995790064,51244,13.8506808022621,0.244977806842189,0.127535668623946
Georgia,2016,15.9659453032863,53559,12.9394371268324,0.243503361809192,0.131822026578869
Georgia,2017,14.945739170065,56183,13.4273629671319,0.241123177132598,0.13441356383731
Georgia,2018,14.344086891075,58756,13.6544628434871,0.237967484118742,0.138450635606815
Georgia,2019,13.2969362855519,61980,13.4142776696353,0.235747318346458,0.143461553712233
Hawaii,2010,9.59467803202358,66420,,0.225502421657015,0.139772988869901
Hawaii,2011,10.2437704380703,67116,,0.224369018992183,0.141862858823337
Hawaii,2012,11.589066215023,66259,6.88212338303118,0.217538010490457,0.151131965298033
Hawaii,2013,10.8482943885258,68020,6.74674092752727,0.218813521417267,0.156766050308606
Hawaii,2014,11.3587871900647,69592,5.2721583307135,0.217217858197006,0.160656005624274
Hawaii,2015,10.6148605465379,73486,3.96571209152751,0.217382891765385,0.165655562331177
Hawaii,2016,9.3252543107233,74511,3.53027786441145,0.215437675920527,0.170480421852261
Hawaii,2017,9.54585718915415,77765,3.84699410574701,0.214352962933386,0.177753586944796
Hawaii,2018,8.83526903001053,80212,4.07723800901539,0.213486041094241,0.184068044077717
Hawaii,2019,9.33391729836891,83102,4.15679520723625,0.212015634181621,0.190320876463409
Idaho,2010,13.5760777398617,46423,,0.274569572772281,0.11986400287661
Idaho,2011,14.2675452744113,46890,,0.27344358372038,0.122325542085192
Idaho,2012,15.8730280400457,45489,16.1671580940824,0.26618070247561,0.132248102433497
Idaho,2013,15.5757335693542,46783,16.1713056127102,0.26477542837577,0.138390309502424
Idaho,2014,14.8452076405277,47861,13.5599535987907,0.263857142157918,0.14376517316992
Idaho,2015,15.1376966875365,48275,11.0488792443791,0.261147601409123,0.146993528427184
Idaho,2016,14.3680351835178,51807,10.1096479754544,0.259311168411422,0.152192925128035
Idaho,2017,12.8259800971366,52225,10.146625351787,0.258182711947921,0.152942759311171
Idaho,2018,11.7960437662565,55583,11.11172644224,0.253886654262208,0.159297529141356
Idaho,2019,11.1738901881814,60999,10.8331241632014,0.251448604275726,0.161503358859359
Illinois,2010,12.6370611016207,55735,,0.247420178592066,0.123040865306344
Illinois,2011,13.1370623726728,56576,,0.245155151036944,0.124499870291134
Illinois,2012,14.7177484134314,55137,12.7769538313221,0.237902161937764,0.131703177917641
Illinois,2013,14.6731331321144,56210,12.7371342825316,0.234600475775172,0.135077609418004
Illinois,2014,14.353776787629,57444,9.74561249994391,0.231723571454081,0.138802289958993
Illinois,2015,13.5615954301082,59588,7.10014937073438,0.23018554828365,0.142163741121206
Illinois,2016,12.9699296683738,60960,6.47049837136545,0.22830997116831,0.146297253791126
Illinois,2017,12.5542878439376,62992,6.80862457316195,0.226143165029465,0.152131815416985
Illinois,2018,12.125123651602,65030,6.96127351457843,0.224141281586804,0.156230711996157
Illinois,2019,11.4807888559872,69187,7.39320249540833,0.222121114242381,0.161410187217765
Indiana,2010,13.5460925518357,47697,,0.25042408153585,0.127046195358306
Indiana,2011,14.1489324801081,48393,,0.248724484657716,0.128565129293021
Indiana,2012,15.6143007175649,46974,14.2899752716345,0.243129538738574,0.136053320818548
Indiana,2013,15.941340067118,47529,13.9520031596753,0.241601837921187,0.139377059648736
Indiana,2014,15.2424954548726,49446,11.9402975886996,0.240065000670774,0.14271861364241
Indiana,2015,14.5413778563279,50532,9.62784192733212,0.238642049162497,0.145826384356948
Indiana,2016,14.0852573776537,52314,8.11583748462489,0.237829096194467,0.14975592687108
Indiana,2017,13.4792089158486,54181,8.16631483242429,0.236099290546105,0.153579413747308
Indiana,2018,13.1392156980587,55746,8.26883078114173,0.234172978048912,0.157077878586549
Indiana,2019,11.9038179159577,57603,8.72251331480267,0.23282382822068,0.161086857097192
Iowa,2010,11.5992376516158,48872,,0.240028817077533,0.148073761374573
Iowa,2011,11.8501141414331,50451,,0.238997502198026,0.148508739009045
Iowa,2012,12.6918440938396,50957,8.39506164687487,0.235075561465702,0.15276173920511
Iowa,2013,12.6727546821675,52229,8.13444657378425,0.234099875227154,0.155197552691935
Iowa,2014,12.240715614753,53712,6.16686800091417,0.233524807169069,0.157904121043048
Iowa,2015,12.1586869912632,54736,5.0308221857408,0.233283150319521,0.160425160992721
Iowa,2016,11.7564586990959,56247,4.25730817092504,0.231910110495669,0.163889095359577
Iowa,2017,10.7280720337243,58570,4.70691729909847,0.232173267029298,0.166774379464611
Iowa,2018,11.2405385055134,59955,4.72334179989971,0.23236860156932,0.1704034510455
Iowa,2019,11.1676993780194,61691,5.01498434725381,0.228784147419867,0.175455695119284
Kansas,2010,12.4319355637711,49424,,0.254701745505777,0.130926993598827
Kansas,2011,12.6401604267561,50594,,0.253828614422189,0.131418569861727
Kansas,2012,13.9794811732324,50241,12.584483134519,0.249930957533252,0.136603249240706
Kansas,2013,13.9899321483418,50972,12.2710526510602,0.248981584729835,0.140370088429096
Kansas,2014,13.5644642736257,52504,10.2436411713726,0.248788490165877,0.143777541553591
Kansas,2015,13.0302517571,53906,9.14012165637075,0.247363600114162,0.146327105573798
Kansas,2016,12.1217440046655,54935,8.73328838786304,0.245905721790988,0.150542653310352
Kansas,2017,11.9010347403387,56422,8.73388259800368,0.244608621057195,0.153598389082782
Kansas,2018,11.9679156875513,58218,8.76969595491622,0.242194256588506,0.158746148905551
Kansas,2019,11.4329610183606,62087,9.20082571512828,0.240379512815989,0.164072942360487
Kentucky,2010,17.6995037618981,41576,,0.237973385772831,0.130671132859275
Kentucky,2011,18.0824219624361,42248,,0.236649335965376,0.13226383444083
Kentucky,2012,19.382553236877,41724,13.8713980280093,0.23239327780587,0.140083987476072
Kentucky,2013,18.7653695392724,43399,14.2957723614944,0.23083433535178,0.144713381013106
Kentucky,2014,19.1221836575595,42958,8.45697055162453,0.230047103664996,0.147961563916902
Kentucky,2015,18.5093456397193,45215,6.02084734627748,0.228375590835174,0.152342143394985
Kentucky,2016,18.4710091038446,46659,5.12931806594739,0.228186372063483,0.154953578722796
Kentucky,2017,17.2400581248145,48375,5.38161127812324,0.22778647246446,0.159186779007357
Kentucky,2018,16.8829520803549,50247,5.6433338103698,0.22553498991362,0.163680886366088
Kentucky,2019,16.2625341630698,52295,6.44400688180518,0.224238658469409,0.168893068046833
Louisiana,2010,18.1374441455209,43445,,0.24946545551407,0.121242274161727
Louisiana,2011,18.3813958570838,44086,,0.247900368282896,0.122255382647623
Louisiana,2012,19.9497354367184,42944,16.884787427282,0.243187749041536,0.1298921987104
Louisiana,2013,19.7557546859403,44164,16.6114956963548,0.240553716703384,0.131220827288903
Louisiana,2014,19.8410764574723,44555,14.7716847583722,0.239755200147279,0.135744942228233
Louisiana,2015,19.5950492416036,45727,11.9461246376793,0.238974728543155,0.139937191750144
Louisiana,2016,20.1976147471512,45146,10.2646562885199,0.238650300982599,0.144004078889865
Louisiana,2017,19.7459190426083,46145,8.35431104536033,0.236798280566305,0.148604080879818
Louisiana,2018,18.627087313216,47905,7.97532439084669,0.23553437376743,0.154638069106764
Louisiana,2019,18.9972886766599,51073,8.90485914236435,0.23336934267253,0.159653019686396
Maine,2010,12.5665253856847,46933,,0.212016585509146,0.153022788128029
Maine,2011,12.7698039209622,47898,,0.208940922499309,0.156358507026118
Maine,2012,14.6727722684249,46709,10.238556877958,0.200111797242234,0.170007794208813
Maine,2013,13.961603831115,46974,11.1867300871791,0.195990821364419,0.177658393949569
Maine,2014,14.125945028203,49462,10.1467633640224,0.193950931103107,0.182366743879545
Maine,2015,13.3503893283506,51494,8.40461528281955,0.192472437201353,0.188492230660905
Maine,2016,12.480911995716,53079,8.04564103654259,0.191479550184419,0.192757076904705
Maine,2017,11.0674937904237,56277,8.10101623048177,0.190284203915392,0.199670336333293
Maine,2018,11.6396211502672,55602,8.02447537914998,0.185707753413767,0.206267315399536
Maine,2019,10.8736293229047,58924,8.02464253782889,0.183269454520567,0.212747691584363
Maryland,2010,8.57876793983929,70647,,0.239113563020162,0.118895664876011
Maryland,2011,8.97966359269085,72419,,0.236331101734581,0.12108647278109
Maryland,2012,10.2847707654961,71122,10.3236656118763,0.228213208015616,0.129607075325729
Maryland,2013,10.1167055016975,72483,10.167535732963,0.226766601212317,0.133899967177247
Maryland,2014,10.1076245802114,73971,7.87088077552814,0.226084836591618,0.137569445989873
Maryland,2015,9.73473936987596,75847,6.58707879906346,0.224382621140347,0.141013728520623
Maryland,2016,9.66319127779179,78945,6.1362989320837,0.223745343389545,0.145675346263334
Maryland,2017,9.28389370698978,80776,6.13636985426506,0.222556280161667,0.149134104967518
Maryland,2018,8.9528678761162,83242,6.00208915805046,0.221482286613408,0.154076526490232
Maryland,2019,9.02354213713642,86738,6.00134951359319,0.220370082439031,0.15877237961652
Massachusetts,2010,10.5284240953251,64509,,0.221078705642158,0.135337966273775
Massachusetts,2011,10.7091966373224,65981,,0.218536915251879,0.136866082831572
Massachusetts,2012,11.8889056211283,65339,3.87240398784745,0.21083729151821,0.144599785981164
Massachusetts,2013,11.9338561115646,66768,3.72964778623133,0.208126644298431,0.147934115703625
Massachusetts,2014,11.6324601300956,69160,3.28000278329805,0.206167662504625,0.150558276089452
Massachusetts,2015,11.466727369531,70628,2.81736326842897,0.204166594303386,0.153688717009335
Massachusetts,2016,10.4437328126756,75297,2.53946805656815,0.202435663282675,0.157730454848873
Massachusetts,2017,10.4523496159424,77385,2.79710540905462,0.199798857666653,0.161494640018928
Massachusetts,2018,9.96113626792044,79835,2.76551956755845,0.198072513357796,0.164809684635901
Massachusetts,2019,9.4008800513188,85843,2.99193560328452,0.196122801832658,0.170082334385636
Michigan,2010,14.8456452980096,48432,,0.243248280589955,0.132325270552565
Michigan,2011,15.6587068530625,48669,,0.239718057972379,0.135225607348572
Michigan,2012,17.4381193241554,46859,11.4025612557623,0.229438470317787,0.145964833821696
Michigan,2013,17.047766521437,48273,10.9512633871844,0.226740572750253,0.150246543370391
Michigan,2014,16.195710713986,49847,8.53924240972276,0.224385832437678,0.154499092168349
Michigan,2015,15.7721441772433,51084,6.08148163248665,0.222505123669499,0.158289641722069
Michigan,2016,14.9648316109104,52492,5.36753601690103,0.22070072419246,0.162068531369922
Michigan,2017,14.1596811166877,54909,5.17132784663107,0.218409262670077,0.167141238614213
Michigan,2018,14.0508653256292,56697,5.40576864364761,0.216514946355586,0.172115609226369
Michigan,2019,12.9865164793299,59584,5.7810699868394,0.214564201730334,0.176873364663177
Minnesota,2010,10.590388474233,57243,,0.244582036256222,0.125557763824435
Minnesota,2011,10.9612022927302,58476,,0.242620292183495,0.127410343318448
Minnesota,2012,11.3814072734597,58906,7.98269403094074,0.237547310080665,0.135692719596947
Minnesota,2013,11.1939350927037,60702,8.20073019446803,0.236624369509149,0.139237101457831
Minnesota,2014,11.4645670590742,61481,5.87707668336788,0.235123203900628,0.142534055636499
Minnesota,2015,10.1820819685633,63488,4.51238555096988,0.23369633528454,0.146633430450412
Minnesota,2016,9.88213728394476,65599,4.11805131701266,0.233448225636745,0.150424315283901
Minnesota,2017,9.49395862680352,68388,4.39391658101112,0.232718969208153,0.154019129197939
Minnesota,2018,9.64001163192395,70315,4.4003994551967,0.232045172681178,0.158368499739538
Minnesota,2019,8.96909680067651,74593,4.88479487273215,0.230984752196597,0.163395590350576
Mississippi,2010,21.2370644890902,37881,,0.257436205617216,0.125539813004187
Mississippi,2011,21.5982506187859,38718,,0.256014813812697,0.126895187201948
Mississippi,2012,24.1535305736296,37095,17.0473255082828,0.250481586478191,0.134919257629837
Mississippi,2013,24.0487488976311,37963,17.0876220552979,0.246435636182986,0.138527691329955
Mississippi,2014,21.5202713203729,39680,14.4898274325883,0.244667224879504,0.142719347084696
Mississippi,2015,21.995878586429,40593,12.6926172167478,0.243290770111482,0.147363612271763
Mississippi,2016,20.8361592232553,41754,11.8386152915975,0.241960286757635,0.150443366170067
Mississippi,2017,19.7663824190244,43529,12.0430374060876,0.239453436547033,0.156066820816997
Mississippi,2018,19.6658661441329,44717,12.1298172774828,0.236301661125118,0.158854255607678
Mississippi,2019,19.6046830907732,45792,12.9749649608605,0.234672390394433,0.16356842348955
Missouri,2010,13.9713365096552,46262,,0.241096976620963,0.137230818899504
Missouri,2011,14.343053810404,47202,,0.239035313799888,0.138711629432946
Missouri,2012,16.234852710034,45321,13.5625542308389,0.233096778007528,0.146849346096339
Missouri,2013,15.8857630145253,46931,13.0311092645915,0.231475085665181,0.150286614988226
Missouri,2014,15.4563847735316,48363,11.6606275058372,0.229649799813279,0.153686207953738
Missouri,2015,14.8339528160696,50238,9.76829801091971,0.228902215635557,0.156311517123211
Missouri,2016,13.9899916089216,51746,8.89920178331021,0.228141145576892,0.160344493681274
Missouri,2017,13.4221110308212,53578,9.13735353712448,0.226981882159119,0.165251281910359
Missouri,2018,13.2297315895363,54478,9.41564908353509,0.224881546448091,0.168951621591094
Missouri,2019,12.9375401581549,57409,10.0271647733265,0.223659650263922,0.172375627054199
Montana,2010,14.5467625293076,43872,,0.229054192139783,0.143655538085668
Montana,2011,14.593368812599,45324,,0.227102906433712,0.146060350774378
Montana,2012,15.5211025154141,45076,18.0246367279807,0.219014048775246,0.157773884459991
Montana,2013,16.5189283698919,46972,16.4648435545683,0.220748351253245,0.162613959307108
Montana,2014,15.4269944847047,46328,14.2167171238231,0.219447644002075,0.166233383060809
Montana,2015,14.6157639916366,49509,11.6475569507537,0.219010812731316,0.173223460209555
Montana,2016,13.3225944278832,50027,8.11826648889062,0.219347350650347,0.176381268464874
Montana,2017,12.4719744893427,53386,8.46411804158283,0.218844866172359,0.181073077117125
Montana,2018,13.0235131503612,55328,8.21612587445981,0.216477377024489,0.188494829639322
Montana,2019,12.6483434067146,57153,8.27042479162831,0.211946727945373,0.194529640393047
Nebraska,2010,11.8201712152892,49342,,0.251973042451192,0.133835058709095
Nebraska,2011,12.0402227775551,50695,,0.251090283228198,0.134577932016628
Nebraska,2012,12.9919751413734,50723,11.2548389780779,0.249418358685547,0.138490184718611
Nebraska,2013,13.1877955347234,51440,11.3317023957181,0.248192683391526,0.141624690396015
Nebraska,2014,12.4340784882401,52686,9.66755930352746,0.248671939401638,0.143862114490384
Nebraska,2015,12.5534953942134,54996,8.23948506499908,0.248197701707107,0.146974195623856
Nebraska,2016,11.423291082072,56927,8.55125598219906,0.248587395837484,0.149592368791411
Nebraska,2017,10.7723810453192,59970,8.289077233217,0.247176153443926,0.153590274551632
Nebraska,2018,11.0028464141474,59566,8.29464809634953,0.246148280073064,0.157571680036159
Nebraska,2019,9.89338149336211,63229,8.29335614593131,0.245602789070351,0.161442156980327
Nevada,2010,11.8856102596078,55726,,0.249536423639869,0.115078203233851
Nevada,2011,12.93931216148,55553,,0.247669630686961,0.118030774340951
Nevada,2012,16.4366126982434,49760,22.1524505637921,0.24082588509825,0.130299017989214
Nevada,2013,15.7636714517778,51230,20.675959403846,0.237137902955268,0.136492271344479
Nevada,2014,15.2361780768703,51450,15.2075613466537,0.233359597534288,0.141070811549721
Nevada,2015,14.6727629669753,52431,12.2789633238958,0.231266290652041,0.146016822071055
Nevada,2016,13.787899290549,55180,11.3711113107142,0.230438311080938,0.150255879305782
Nevada,2017,13.0021572099318,58003,11.2288149897577,0.228134790774903,0.152993006428535
Nevada,2018,12.9455163106146,58646,11.2116548305284,0.227136111616429,0.156578319478828
Nevada,2019,12.4971725593219,63276,11.4223838387025,0.224253901425772,0.161751222990004
New Hampshire,2010,7.8124300898696,63277,,0.225240288932743,0.129633871892074
New Hampshire,2011,7.96524053484058,64664,,0.221063582567514,0.133115385462999
New Hampshire,2012,10.0361945490212,63280,10.6308756487237,0.208236731838288,0.146963242721005
New Hampshire,2013,8.70251744289058,64230,10.7172385757012,0.204898678387468,0.153355714079545
New Hampshire,2014,9.16369968559321,66532,9.18165041949934,0.201449639097597,0.157857211227204
New Hampshire,2015,8.23300156824993,70303,6.34491637429437,0.197902763248079,0.16410317689357
New Hampshire,2016,7.29647012393065,70936,5.90041375894724,0.194667345922033,0.170012623661311
New Hampshire,2017,7.6962163310745,73381,5.81570335754436,0.192281770486187,0.175991867708772
New Hampshire,2018,7.63868457918638,74991,5.74902448510655,0.190295608120561,0.180732466467815
New Hampshire,2019,7.2701377521373,77933,6.25487126461938,0.188290011627471,0.186177062625808
New Jersey,2010,9.10510781277302,69811,,0.238665553259462,0.132495648436057
New Jersey,2011,9.38693958978525,71180,,0.236339297873293,0.133954121665282
New Jersey,2012,10.7567668502945,69667,12.7083156798654,0.228633021944613,0.141045891575358
New Jersey,2013,11.4499238046969,70165,13.1976788890188,0.227196311995756,0.144326112310139
New Jersey,2014,11.1034620576961,71919,10.9321072240204,0.225123920710883,0.146800101810493
New Jersey,2015,10.7738532097033,72222,8.71367048889798,0.223137095246457,0.149916170025652
New Jersey,2016,10.4443167542183,76126,7.97695929812444,0.221862136254259,0.153408212382423
New Jersey,2017,9.99493840021741,80088,7.72898911218867,0.219728428083544,0.157287141263856
New Jersey,2018,9.52173079229193,81740,7.4398102314542,0.21900439130181,0.161450948081163
New Jersey,2019,9.16176267712953,85751,7.8890484659484,0.218192135047775,0.166071092827332
New Mexico,2010,18.3562017781269,43820,,0.254566290567586,0.12835188329371
New Mexico,2011,18.9642812741878,44631,,0.252916349227543,0.130698686783798
New Mexico,2012,20.8455392223508,42558,18.4221210105249,0.247345289321029,0.141094528126555
New Mexico,2013,21.9253232371925,43872,18.6383352015205,0.243651833057032,0.14729723054908
New Mexico,2014,21.3223011207392,44803,14.5217275524552,0.239779782237199,0.152517390912421
New Mexico,2015,20.4376670085711,45382,10.9273926459068,0.239515536118256,0.15854998467706
New Mexico,2016,19.8319742244106,46748,9.17345592695214,0.235228482255053,0.16437219337679
New Mexico,2017,19.6535346325948,46744,9.10265827646484,0.234533325032207,0.167584898973693
New Mexico,2018,19.4689532250133,47169,9.52337971522547,0.229183250390851,0.17584951618476
New Mexico,2019,18.1770365337833,51945,9.96426278268489,0.225984093123474,0.180143445173641
New York,2010,14.1643505840932,55603,,0.227959102124666,0.132884085036562
New York,2011,14.4891868181048,56951,,0.225236146213164,0.134226446303598
New York,2012,15.8676345190616,56448,10.8864658652335,0.217728828450474,0.141002769457188
New York,2013,15.9697361337345,57369,10.6675960791686,0.215726151482304,0.14400410724535
New York,2014,15.9291373586449,58878,8.70050423732899,0.213978751485031,0.146644723571749
New York,2015,15.4017138552118,60850,7.05929684996031,0.21283145492898,0.149650347389503
New York,2016,14.731122373259,62909,6.0633574077921,0.211664969806216,0.15349387897032
New York,2017,14.0774710106199,64894,5.67593968726951,0.20925051685444,0.159251622681372
New York,2018,13.6119883825473,67844,5.39425288856921,0.207995165746104,0.164365502385119
New York,2019,13.0305354829281,72108,5.23883995479473,0.206753714654093,0.169427489393844
North Carolina,2010,15.5317451943725,45570,,0.241415923629122,0.125957240816647
North Carolina,2011,16.0830862023934,46291,,0.240203887230728,0.12784507390376
North Carolina,2012,18.0348801183452,45150,16.5635718038647,0.234206819411627,0.138093716074521
North Carolina,2013,17.8905657398091,45906,15.6448723318666,0.231940910189418,0.142639057844895
North Carolina,2014,17.2175141155497,46556,13.0848506400846,0.230347575675053,0.146938283364662
North Carolina,2015,16.423115537545,47830,11.1894319703332,0.227829842707244,0.150908581091213
North Carolina,2016,15.3942435757599,50584,10.4279647272548,0.226366609807951,0.154589905692324
North Carolina,2017,14.7000981712336,52752,10.6842061206574,0.223994563056369,0.158661687993062
North Carolina,2018,14.0377474981018,53855,10.7234477456717,0.221200120959742,0.162619009555434
North Carolina,2019,13.5904453263621,57341,11.2564246767503,0.218721741740436,0.166945173207995
North Dakota,2010,12.3268998566146,46781,,0.223866347001931,0.145501001730675
North Dakota,2011,12.2598742744361,49415,,0.222516170928173,0.145221158907771
North Dakota,2012,11.2177188479844,53585,10.0067759384091,0.220257050889902,0.144308118028438
North Dakota,2013,11.8015064473023,55759,10.3503200452992,0.222137897380815,0.141762499775364
North Dakota,2014,11.5450467898303,59029,7.85394733391216,0.22654506803411,0.141557198146811
North Dakota,2015,10.9618597833607,60557,7.75791408242826,0.226327999492686,0.141832512471464
North Dakota,2016,10.7226559564009,60656,7.03155555195917,0.230350694568133,0.144931150084504
North Dakota,2017,10.3213112955968,61843,7.52963042739072,0.229199899919644,0.14915282508575
North Dakota,2018,10.6799371768401,63837,7.25134546843006,0.22986355329789,0.153185795649651
North Dakota,2019,10.5726204430344,64577,6.89679267696178,0.231878771018631,0.157699767210542
Ohio,2010,14.1637741634956,47358,,0.240285739823327,0.137651118169568
Ohio,2011,14.751762335636,48071,,0.238095304201037,0.139417377204843
Ohio,2012,16.2514444467602,46829,11.4691684651267,0.230411742667871,0.147915342952862
Ohio,2013,15.9745884721622,48081,11.0328401661371,0.228919708977973,0.151412330063726
Ohio,2014,15.8364329476341,49308,8.36372449622439,0.227324732281235,0.154980398326296
Ohio,2015,14.8239450959422,51075,6.52223482391104,0.226445553563321,0.15839894921592
Ohio,2016,14.5771555382856,52334,5.62706777222914,0.224632961245519,0.162291498645687
Ohio,2017,13.9702078289174,54021,5.97308960374496,0.223182456843694,0.166367703042447
Ohio,2018,13.8939514380182,56111,6.45906401419925,0.221604760945818,0.170766320582283
Ohio,2019,13.0682235227707,58642,6.58067932725029,0.220277609054589,0.174825093463141
Oklahoma,2010,16.2173680837728,42979,,0.248418173126343,0.133707938233725
Oklahoma,2011,16.2785310251114,44287,,0.247917900563195,0.134484940180696
Oklahoma,2012,17.2294266516346,44312,18.351603430753,0.245433336304203,0.140506498340682
Oklahoma,2013,16.7837016797195,45690,17.6585715445166,0.24615381419053,0.14229770776675
Oklahoma,2014,16.5936209358809,47529,15.3638026248787,0.245559689648228,0.144806759890471
Oklahoma,2015,16.0923597989759,48568,13.9024350127626,0.245720773811928,0.147272109953167
Oklahoma,2016,16.2852930004507,49176,13.7727439265236,0.245174218012668,0.149938283105577
Oklahoma,2017,15.8287177685918,50051,14.1635997384781,0.244598388547658,0.152926176026441
Oklahoma,2018,15.6063996411006,51924,14.1992619085292,0.242531280758007,0.157136339393657
Oklahoma,2019,15.1760793156684,54449,14.2790246452553,0.240645938522168,0.160532387020274
Oregon,2010,13.9958441150039,49260,,0.229573689002306,0.134974780198967
Oregon,2011,14.7654946316755,49850,,0.227369554530771,0.137448510530404
Oregon,2012,17.2057114811371,49161,14.9207657548909,0.220740722884027,0.149176799330556
Oregon,2013,16.6664806581897,50251,14.6639740340069,0.21870579748681,0.153838676968447
Oregon,2014,16.5520518303058,51075,9.73368646449806,0.216287986692993,0.159745043056602
Oregon,2015,15.3597462802471,54148,7.02214133179726,0.213739616781133,0.163758194698059
Oregon,2016,13.3485206098812,57532,6.23443493943423,0.212105392375408,0.168289700779169
Oregon,2017,13.2360282418334,60212,6.84432795234396,0.21091509654396,0.171109420350026
Oregon,2018,12.5590120642565,63426,7.06098852442114,0.208219460507078,0.176488105961921
Oregon,2019,11.3776918015096,67058,7.17173309138535,0.204568468825818,0.181968671825673
Pennsylvania,2010,12.3763478372634,50398,,0.223714262721597,0.152771114523015
Pennsylvania,2011,12.6474214715691,51651,,0.221421119256941,0.153590797504
Pennsylvania,2012,13.7065179672082,51230,9.75092192528016,0.214474578204661,0.159981528629684
Pennsylvania,2013,13.6838822088687,52007,9.7252647804684,0.212642501632834,0.163613947015458
Pennsylvania,2014,13.5976572297723,53234,8.46056307749896,0.21116242019662,0.166893260288465
Pennsylvania,2015,13.1602807621295,55702,6.36479449803114,0.210272944282848,0.17037238733707
Pennsylvania,2016,12.8720249645544,56907,5.63203142401932,0.20923009267592,0.173789232622356
Pennsylvania,2017,12.4915793630514,59195,5.49259700795209,0.208110835180126,0.177778018992878
Pennsylvania,2018,12.2468129740197,60905,5.54870472491515,0.206731053028564,0.182115879835029
Pennsylvania,2019,12.0231823584032,63463,5.76860283252718,0.205618439447183,0.186550543044522
Puerto Rico,2010,45.2325558546169,18791,,0.25177377162295,0.137669503035625
Puerto Rico,2011,45.2950622435346,19122,,0.246597406178509,0.142332601041098
Puerto Rico,2012,44.9251931537866,19429,7.22482688325047,0.231617546802855,0.158718480405685
Puerto Rico,2013,45.4201903434575,19183,6.39225266612069,0.225188003826188,0.165877934854109
Puerto Rico,2014,46.2114477417182,18928,6.13957192022498,0.217772983124493,0.173884432886174
Puerto Rico,2015,46.0645816266704,18626,5.70527125460512,0.212249387049959,0.180464063195308
Puerto Rico,2016,43.4794907978528,20078,6.15165175991121,0.203991021623091,0.189336521163296
Puerto Rico,2017,44.4186450903691,19343,6.87385441046871,0.196811256939623,0.197398879352219
Puerto Rico,2018,43.0761367667485,20296,6.39788370465194,0.185909720129208,0.206943454663986
Puerto Rico,2019,43.470994793492,20474,7.76345878629247,0.179332772645094,0.212814690449367
Rhode Island,2010,12.1688827439846,54902,,0.217885646291281,0.141955283517719
Rhode Island,2011,12.7913410879369,55975,,0.215003619685396,0.143302538334034
Rhode Island,2012,13.7470570013925,54554,11.0991936380019,0.206573029214733,0.151219851241369
Rhode Island,2013,14.2898834320809,55902,11.6268968752353,0.202420136356158,0.154885683554428
Rhode Island,2014,14.3351827146029,54891,7.41679321477723,0.201440901160284,0.158438474070129
Rhode Island,2015,13.8767128813796,58073,5.70554362565641,0.200582600743351,0.161443077616354
Rhode Island,2016,12.7899422379544,60596,4.32257735813869,0.197496085859303,0.164758345591646
Rhode Island,2017,11.6210596177333,63870,4.61540966429814,0.195323124196071,0.166634108408618
Rhode Island,2018,12.9079194741797,64340,4.07957676347751,0.192854541929321,0.172744168010479
Rhode Island,2019,10.8232392748379,71169,4.09292236764828,0.192167731302172,0.176667821450856
South Carolina,2010,16.3999288648333,43939,,0.237011651299766,0.131983930586945
South Carolina,2011,17.001299281335,44587,,0.234958031969482,0.134727780371095
South Carolina,2012,18.2701647426842,43107,16.8321915845207,0.228839836713541,0.147082290811718
South Carolina,2013,18.5754957952641,44163,15.7937736553258,0.226043223656337,0.15185998941535
South Carolina,2014,17.9866565464281,45238,13.5528510003291,0.224249981686429,0.157596655300527
South Carolina,2015,16.6461269384676,47238,10.897629621638,0.222482744591358,0.162158971566616
South Carolina,2016,15.2675524679494,49501,9.99562246924003,0.221716915075006,0.167330596182031
South Carolina,2017,15.3993470852312,50570,10.9883204214063,0.219275296062053,0.172323529581526
South Carolina,2018,15.2730550397452,52306,10.4696166917824,0.217226871004599,0.176973155863337
South Carolina,2019,13.8459216886674,56227,10.8480655591062,0.216034528233652,0.181703236963638
South Dakota,2010,13.7231228115679,46369,,0.249346435477859,0.142652183593467
South Dakota,2011,13.7787836231486,48010,,0.248085606359811,0.143387928889175
South Dakota,2012,13.4085116435205,48362,11.5299017056068,0.245060322504002,0.14530679639145
South Dakota,2013,14.1652833142547,48947,11.2843529748899,0.24675899568813,0.147362278769572
South Dakota,2014,14.1735597842239,50979,9.80736243465729,0.24718609898321,0.151614850411697
South Dakota,2015,13.7493913051863,53017,10.2114069670285,0.244248773106542,0.156689408703168
South Dakota,2016,13.2524853933873,54467,8.74414155004748,0.247154672576474,0.1589558774932
South Dakota,2017,13.003595986131,56521,9.0790842261213,0.245183783199527,0.163149990916053
South Dakota,2018,13.0952031805955,56274,9.79726994510744,0.243090559771489,0.165894574574802
South Dakota,2019,11.9284196534714,59533,10.1852289563648,0.243335567715922,0.173851167512002
Tennessee,2010,16.5013351295278,43314,,0.238634745198372,0.130674287341972
Tennessee,2011,16.8784703354326,43989,,0.236817899549237,0.132779961101882
Tennessee,2012,17.9372788474703,42764,13.8815342327617,0.231437540377585,0.142609409218333
Tennessee,2013,17.7856279778605,44297,13.8656976056838,0.229693050068827,0.146273586517688
Tennessee,2014,18.339890487411,44361,12.0383107575949,0.227860252434134,0.150673379595416
Tennessee,2015,16.7365874782874,47275,10.2738020103751,0.226323080211972,0.15389908851099
Tennessee,2016,15.7677909432408,48547,9.0471632894521,0.226012352067914,0.157152986366057
Tennessee,2017,14.9538646753076,51340,9.51435996268914,0.224576473082723,0.159380963385261
Tennessee,2018,15.3114343406563,52375,10.1212786736943,0.222950187665897,0.1631898623488
Tennessee,2019,13.8540063412798,56071,10.1445906316343,0.221220311563302,0.166779320603048
Texas,2010,16.7542929866732,49646,,0.27444327551485,0.101458253494144
Texas,2011,17.0441388939163,50920,,0.273448408216181,0.102670977659126
Texas,2012,17.9263620488982,50740,22.5228486983466,0.267896719634902,0.108895195298183
Texas,2013,17.5350268823583,51704,22.1282824108903,0.266215465079221,0.112163692997854
Texas,2014,17.1741290049406,53035,19.0572675102823,0.263970289229222,0.114850236439883
Texas,2015,15.8514669653656,55653,17.0994835763114,0.26243234492383,0.117277426567162
Texas,2016,15.6457177613097,56565,16.5974446161825,0.26170188879744,0.120334910645081
Texas,2017,14.7306492046294,59206,17.304239505773,0.260210850562926,0.12243566380527
Texas,2018,14.8913217664967,60629,17.7136252061603,0.257805168970845,0.125413505647459
Texas,2019,13.6277012616751,64034,18.3554795488095,0.255092473306812,0.128939934606574
Utah,2010,10.8491490143259,56330,,0.313765130383602,0.0885495304143102
Utah,2011,11.3879415319772,57783,,0.31364903389177,0.0895466157762876
Utah,2012,12.8301651449384,57049,14.4634448697614,0.31071762663438,0.0952205505085828
Utah,2013,12.6659646014658,59770,13.9907515552953,0.309159108019933,0.0974465608961719
Utah,2014,11.7297417800358,60922,12.5337799261599,0.307706134964739,0.100234054684798
Utah,2015,11.257450741402,62912,10.4793229761128,0.304525255856383,0.102753779391232
Utah,2016,10.2159414249897,65977,8.75462473638465,0.302124365458111,0.104709039049009
Utah,2017,9.71479375345808,68358,9.1587735728231,0.298241072294995,0.108063522439796
Utah,2018,9.02533121779113,71414,9.41977750159221,0.29478014808113,0.111131076000323
Utah,2019,8.90688271929414,75780,9.65443554197497,0.29018096930777,0.113912284565175
Vermont,2010,11.1188874113918,51841,,0.212250383655476,0.139745105389118
Vermont,2011,11.2874612082536,53422,,0.208606018324431,0.143152019815732
Vermont,2012,11.815608424713,52977,6.460911589733,0.197902273282738,0.157327906378642
Vermont,2013,12.2910090317955,52578,7.23212905220842,0.198091377686992,0.163825542983898
Vermont,2014,12.1546511492658,54166,4.95057643367024,0.194410130202598,0.170222579728742
Vermont,2015,10.2077884456905,56990,3.81805075575667,0.191936004293642,0.175841237488859
Vermont,2016,11.8866412143775,57677,3.71697094510056,0.190017835585997,0.18187814804497
Vermont,2017,11.3094345032691,57513,4.55197585320198,0.188813722927827,0.187843638410216
Vermont,2018,10.9790922744033,60782,4.02989359197247,0.184459818712787,0.197788915517987
Vermont,2019,10.1659349281338,63001,4.488370136426,0.181988785058711,0.200646165236887
Virginia,2010,10.2893519829012,61406,,0.234651201759198,0.118491092681561
Virginia,2011,10.6546039240539,63302,,0.232637185675038,0.120617820007388
Virginia,2012,11.7401585983853,61741,12.5382738196915,0.226565127432439,0.129752047034236
Virginia,2013,11.71871723069,62666,12.2995096590086,0.225694866050757,0.133747558382428
Virginia,2014,11.7990049874386,64902,10.8890774039407,0.224294040238094,0.137737952646131
Virginia,2015,11.1832409171048,66262,9.14292735929371,0.223048498310806,0.141649169932505
Virginia,2016,10.988152960914,68114,8.71854837372079,0.222016479691405,0.145990612244122
Virginia,2017,10.6371542036612,71535,8.83124354320858,0.220552135650211,0.150129987886687
Virginia,2018,10.7047051129011,72577,8.81177751505294,0.219500955952234,0.154763295425929
Virginia,2019,9.93766786478708,76456,7.92765031273518,0.217632343153357,0.15913923921908
Washington,2010,12.1303418182022,57244,,0.237876901472377,0.11896687499438
Washington,2011,12.5241238195012,58890,,0.235871721045658,0.121343274944779
Washington,2012,13.5357428806611,57573,13.9078485481839,0.229813867222502,0.131595827294486
Washington,2013,14.1492821661897,58405,13.9855792757413,0.228961560982103,0.13638081041328
Washington,2014,13.187552514193,61366,9.24043028662482,0.226955489815946,0.140552543145749
Washington,2015,12.1903442297376,64129,6.62203833921151,0.224810473015896,0.144571165344625
Washington,2016,11.2584760908771,67106,5.95887312415873,0.223526481888035,0.148025933040615
Washington,2017,11.0281915164923,70979,6.11119848018004,0.222358917937066,0.150931378526098
Washington,2018,10.2561604484635,74073,6.42581808737925,0.220545276408977,0.154465256938706
Washington,2019,9.77543696567352,78687,6.61620686385096,0.218383239265476,0.158595137187089
West Virginia,2010,17.3548928730328,38380,,0.211576258609019,0.158171275346289
West Virginia,2011,17.4651380544192,39550,,0.210138585290505,0.159486279038027
West Virginia,2012,17.7696680585699,40196,14.443321478315,0.207080579903234,0.167673720082806
West Virginia,2013,18.4815260923579,41253,13.9777545304444,0.206145809964278,0.172578498455485
West Virginia,2014,18.2807207566975,41059,8.57243595798853,0.207098640996235,0.177836229940021
West Virginia,2015,17.9345110356612,42019,5.95327470868987,0.205759578510819,0.18239569053775
West Virginia,2016,17.9257033606585,43385,5.31917726448652,0.205823050818578,0.187742135610141
West Virginia,2017,19.081265067658,43469,6.09296714389472,0.205634584661678,0.193061458033314
West Virginia,2018,17.8039505530729,44097,6.42139828302752,0.201139973153649,0.200027466563889
West Virginia,2019,16.027946292516,48850,6.67653395018989,0.200216834891334,0.205005504570775
Wisconsin,2010,11.6211544441079,51598,,0.238312456644236,0.133890581092728
Wisconsin,2011,12.0023436727638,52374,,0.236276483951241,0.135400086109305
Wisconsin,2012,13.2305449680557,51059,8.95241313603741,0.229943849519366,0.143900231873509
Wisconsin,2013,13.5083924274436,51467,9.1333869322766,0.227405060987725,0.147771097040719
Wisconsin,2014,13.1751913005583,52622,7.34816547854118,0.225703439857551,0.152099047444371
Wisconsin,2015,12.0629377161725,55638,5.66092793553951,0.223871695588041,0.15607527337253
Wisconsin,2016,11.7537063176849,56811,5.26060594590796,0.222366448976752,0.160461618676421
Wisconsin,2017,11.3293537830587,59305,5.40541579321879,0.220751402428408,0.16498780170695
Wisconsin,2018,11.0469390676651,60773,5.45507849346479,0.218816568413752,0.169686326882218
Wisconsin,2019,10.421637911486,64168,5.71432644968081,0.216990351457827,0.175166605581102
Wyoming,2010,9.82573814690603,53802,,0.2403868184076,0.12165424255699
Wyoming,2011,10.1423250864592,56380,,0.24021402675695,0.123072596390462
Wyoming,2012,12.6493245108604,54901,15.3565092878984,0.23700061761379,0.13020200828574
Wyoming,2013,10.8972838907654,58752,13.4380070131365,0.23989201212375,0.133103810468577
Wyoming,2014,11.1854971244359,57055,11.9603756450092,0.235835474610248,0.137518766487547
Wyoming,2015,11.0821063078458,60214,11.5329447045132,0.238011148135067,0.140839471291078
Wyoming,2016,11.3211676404007,59882,11.5468545745252,0.240580289359028,0.149586422568023
Wyoming,2017,11.3321373854031,60434,12.2545443679018,0.238319394457247,0.156110233638004
Wyoming,2018,11.0585508028415,61584,10.4649317117219,0.230374720677402,0.167129680113962
Wyoming,2019,10.1050879459406,65003,12.3146509064636,0.231856437653669,0.170691082125721
