payer,toc,outcome,spec,sample,overall_att,overall_se,n_na_cells,pretrend_p
mdcd,AM,spend_per_bene_mean,main,all_cohorts,-70.5378195345563,113.403362156282,0,0
mdcd,AM,spend_per_bene_mean,main,c2014,-70.4802316351645,131.931380462076,0,0.62249
mdcd,AM,spend_per_bene_mean,sens,all_cohorts,66.7803554636573,70.8851654296333,0,0
mdcd,AM,spend_per_bene_mean,sens,c2014,111.485494107183,82.4965188967685,0,0.87738
mdcd,AM,spend_per_capita_mean,main,all_cohorts,90.3401863821437,22.4014164942608,0,0
mdcd,AM,spend_per_capita_mean,main,c2014,83.0814019449961,27.1846159104873,0,0.81128
mdcd,AM,spend_per_capita_mean,sens,all_cohorts,125.117526700565,18.7277271725778,0,0
mdcd,AM,spend_per_capita_mean,sens,c2014,127.282002491075,18.8203463164777,0,0.66084
mdcd,AM,spend_per_vol_mean,main,all_cohorts,7.46999393550934,3.54076930365366,0,0
mdcd,AM,spend_per_vol_mean,main,c2014,8.77370944578277,3.90839056993247,0,0.00098
mdcd,AM,spend_per_vol_mean,sens,all_cohorts,5.08095015427932,2.00192602909322,0,0
mdcd,AM,spend_per_vol_mean,sens,c2014,6.47097911716261,2.03324060324373,0,0.41774
mdcd,AM,vol_per_bene_mean,main,all_cohorts,-530.847926723359,745.965470224173,0,0
mdcd,AM,vol_per_bene_mean,main,c2014,-565.698059290657,925.410496831226,0,0.49762
mdcd,AM,vol_per_bene_mean,sens,all_cohorts,75.3848468759503,483.542804014722,0,0
mdcd,AM,vol_per_bene_mean,sens,c2014,320.884048211272,587.835454796014,0,0.66304
mdcd,AM,vol_per_capita_mean,main,all_cohorts,289.72530459966,157.14370814925,0,0
mdcd,AM,vol_per_capita_mean,main,c2014,240.465481604043,182.143027988322,0,0.59408
mdcd,AM,vol_per_capita_mean,sens,all_cohorts,463.984780459997,94.2959605752861,0,0
mdcd,AM,vol_per_capita_mean,sens,c2014,469.844468197254,109.788636716504,0,0.69958
mdcd,ED,spend_per_bene_mean,main,all_cohorts,-3.80485476311028,3.49502371792323,0,0
mdcd,ED,spend_per_bene_mean,main,c2014,-3.98875273186842,4.43963708407991,0,0.52206
mdcd,ED,spend_per_bene_mean,sens,all_cohorts,1.79231177402003,2.78088107790123,0,0
mdcd,ED,spend_per_bene_mean,sens,c2014,3.34117083053456,4.13124467861746,0,0.6292
mdcd,ED,spend_per_capita_mean,main,all_cohorts,2.00399756513367,0.778491166981005,0,0
mdcd,ED,spend_per_capita_mean,main,c2014,1.71813331146146,0.968645290045512,0,0.81771
mdcd,ED,spend_per_capita_mean,sens,all_cohorts,3.33628192107344,0.569103338166287,0,0
mdcd,ED,spend_per_capita_mean,sens,c2014,3.42170864734984,0.621869889396569,0,0.54072
mdcd,ED,spend_per_vol_mean,main,all_cohorts,3.40677611421366,1.44867182733823,0,0
mdcd,ED,spend_per_vol_mean,main,c2014,3.71093672452157,1.54028350108175,0,0.00137
mdcd,ED,spend_per_vol_mean,sens,all_cohorts,0.94128863748449,1.5549440061045,0,0
mdcd,ED,spend_per_vol_mean,sens,c2014,0.524714000798469,1.70081181798719,0,0.03833
mdcd,ED,vol_per_bene_mean,main,all_cohorts,-74.5955701696143,64.1147104582474,0,0
mdcd,ED,vol_per_bene_mean,main,c2014,-67.3137561604601,79.1397888706793,0,0.18633
mdcd,ED,vol_per_bene_mean,sens,all_cohorts,7.54320205984934,61.8849790495655,0,0
mdcd,ED,vol_per_bene_mean,sens,c2014,44.076392642577,85.4297020412972,0,0.63679
mdcd,ED,vol_per_capita_mean,main,all_cohorts,16.6911031099407,11.6814076837914,0,0
mdcd,ED,vol_per_capita_mean,main,c2014,14.0371607119862,14.0410720671505,0,0.88233
mdcd,ED,vol_per_capita_mean,sens,all_cohorts,30.873641602485,6.99735317112297,0,0
mdcd,ED,vol_per_capita_mean,sens,c2014,32.9013608696499,8.58049321432301,0,0.95473
mdcd,IP,spend_per_bene_mean,main,all_cohorts,25.184051195423,80.9056338187918,0,0
mdcd,IP,spend_per_bene_mean,main,c2014,68.2004422554539,96.2959912800444,0,0.19021
mdcd,IP,spend_per_bene_mean,sens,all_cohorts,-29.7814164635877,51.5025330851131,0,0
mdcd,IP,spend_per_bene_mean,sens,c2014,10.6293845872323,53.9879856436265,0,0.7288
mdcd,IP,spend_per_capita_mean,main,all_cohorts,71.8303551995001,14.7934861430883,0,0
mdcd,IP,spend_per_capita_mean,main,c2014,74.0612335405694,17.8687620120444,0,0.72339
mdcd,IP,spend_per_capita_mean,sens,all_cohorts,73.1010945168358,12.5090854415931,0,0
mdcd,IP,spend_per_capita_mean,sens,c2014,76.0234453062308,14.7015424694983,0,0.94495
mdcd,IP,spend_per_vol_mean,main,all_cohorts,659.461916038566,176.363190860948,0,0
mdcd,IP,spend_per_vol_mean,main,c2014,672.622985368225,229.735261528518,0,0.19175
mdcd,IP,spend_per_vol_mean,sens,all_cohorts,414.650848145186,139.951661482223,0,0
mdcd,IP,spend_per_vol_mean,sens,c2014,385.915405932212,170.130506174773,0,0.55829
mdcd,IP,vol_per_bene_mean,main,all_cohorts,1.52152427161198,17.0321215149528,0,0
mdcd,IP,vol_per_bene_mean,main,c2014,18.0299597818034,21.8238442938833,0,0.33691
mdcd,IP,vol_per_bene_mean,sens,all_cohorts,-23.2238389383887,16.4880629491742,0,0
mdcd,IP,vol_per_bene_mean,sens,c2014,-9.85203194205296,19.1484550477659,0,0.79016
mdcd,IP,vol_per_capita_mean,main,all_cohorts,8.03830950561788,2.25990308665019,0,0
mdcd,IP,vol_per_capita_mean,main,c2014,9.17271345074101,3.00583566169484,0,0.38768
mdcd,IP,vol_per_capita_mean,sens,all_cohorts,7.45082864161027,1.88378853681979,0,0
mdcd,IP,vol_per_capita_mean,sens,c2014,8.5345674360539,2.16174409831974,0,0.83153
mdcd,NF,spend_per_bene_mean,main,all_cohorts,-183.36522935505,128.316893337031,0,0
mdcd,NF,spend_per_bene_mean,main,c2014,-158.086804360125,131.294239928279,0,0.51347
mdcd,NF,spend_per_bene_mean,sens,all_cohorts,-197.747601141291,66.8018982530606,0,0
mdcd,NF,spend_per_bene_mean,sens,c2014,-173.232480978988,76.0447401742019,0,0.10859
mdcd,NF,spend_per_capita_mean,main,all_cohorts,-2.63201770661558,12.3843046931094,0,0
mdcd,NF,spend_per_capita_mean,main,c2014,-0.663611604656866,12.1811800891674,0,0.26145
mdcd,NF,spend_per_capita_mean,sens,all_cohorts,-5.57061701076234,5.89941651568083,0,0
mdcd,NF,spend_per_capita_mean,sens,c2014,-3.43224963225249,6.9168235167979,0,0.19969
mdcd,NF,spend_per_vol_mean,main,all_cohorts,-95.6775091879285,69.0983502355205,0,0
mdcd,NF,spend_per_vol_mean,main,c2014,-125.55933118722,85.4661049548697,0,0.53139
mdcd,NF,spend_per_vol_mean,sens,all_cohorts,-37.4230665454628,63.4824871718259,0,0
mdcd,NF,spend_per_vol_mean,sens,c2014,-46.0651925048588,75.3792023689282,0,0.57821
mdcd,NF,vol_per_bene_mean,main,all_cohorts,-10.2241157896224,7.58053875397888,0,0
mdcd,NF,vol_per_bene_mean,main,c2014,-7.58413147557587,9.29153899421706,0,0.62345
mdcd,NF,vol_per_bene_mean,sens,all_cohorts,-12.7648564651982,5.01023878860052,0,0
mdcd,NF,vol_per_bene_mean,sens,c2014,-11.0269317139531,5.53511465564308,0,0.09063
mdcd,NF,vol_per_capita_mean,main,all_cohorts,0.180592212408067,0.702748674516217,0,0
mdcd,NF,vol_per_capita_mean,main,c2014,0.434627853966955,0.78154978447079,0,0.25322
mdcd,NF,vol_per_capita_mean,sens,all_cohorts,-0.158833905166321,0.488296739138516,0,0
mdcd,NF,vol_per_capita_mean,sens,c2014,-0.053162787306673,0.560134786331615,0,0.16746
mdcd,RX,spend_per_bene_mean,main,all_cohorts,-99.9038819135966,97.1054433375859,0,0
mdcd,RX,spend_per_bene_mean,main,c2014,-134.850766518385,97.8546843139557,0,0.184
mdcd,RX,spend_per_bene_mean,sens,all_cohorts,-26.5879279582812,50.8052026216201,0,0
mdcd,RX,spend_per_bene_mean,sens,c2014,-45.4961181212238,65.8837260413498,0,0.62427
mdcd,RX,spend_per_capita_mean,main,all_cohorts,7.96305068367764,11.1486854160583,0,0
mdcd,RX,spend_per_capita_mean,main,c2014,3.35305275185965,12.0715059689335,0,0.49173
mdcd,RX,spend_per_capita_mean,sens,all_cohorts,18.8020247932215,7.3691020094503,0,0
mdcd,RX,spend_per_capita_mean,sens,c2014,16.863681198447,9.05510331603234,0,0.61764
mdcd,RX,spend_per_vol_mean,main,all_cohorts,0.420491807686852,0.964059467385174,0,4e-05
mdcd,RX,spend_per_vol_mean,main,c2014,-0.224654694882085,1.18697494232705,0,0.62301
mdcd,RX,spend_per_vol_mean,sens,all_cohorts,1.40422611918016,0.915261217435494,0,0
mdcd,RX,spend_per_vol_mean,sens,c2014,0.881302768285873,1.05066185345176,0,0.32618
mdcd,RX,vol_per_bene_mean,main,all_cohorts,-1984.48786647352,1433.73511822355,0,0
mdcd,RX,vol_per_bene_mean,main,c2014,-2464.23169419137,1495.29821007802,0,0.11618
mdcd,RX,vol_per_bene_mean,sens,all_cohorts,-724.837818142439,823.733622432928,0,0
mdcd,RX,vol_per_bene_mean,sens,c2014,-922.722730404633,956.418060376985,0,0.22863
mdcd,RX,vol_per_capita_mean,main,all_cohorts,20.0573005617602,162.765747171139,0,0
mdcd,RX,vol_per_capita_mean,main,c2014,-39.2367792274224,161.60434339771,0,0.37728
mdcd,RX,vol_per_capita_mean,sens,all_cohorts,166.966387687162,99.7969882995986,0,0
mdcd,RX,vol_per_capita_mean,sens,c2014,145.2296240805,118.955544458935,0,0.27275
mdcd,Total,spend_per_bene_mean,main,all_cohorts,-332.42773437089,230.288335656801,0,0
mdcd,Total,spend_per_bene_mean,main,c2014,-299.206112990089,260.273773025064,0,0.3715
mdcd,Total,spend_per_bene_mean,sens,all_cohorts,-185.544278325482,141.498878807291,0,0
mdcd,Total,spend_per_bene_mean,sens,c2014,-93.2725495752623,165.764650452385,0,0.76437
mdcd,Total,spend_per_capita_mean,main,all_cohorts,169.50557212384,39.4277959465539,0,0
mdcd,Total,spend_per_capita_mean,main,c2014,161.55020994423,48.3527703591077,0,0.58567
mdcd,Total,spend_per_capita_mean,sens,all_cohorts,214.786310920933,32.0401320579937,0,0
mdcd,Total,spend_per_capita_mean,sens,c2014,220.15858801085,36.400246096203,0,0.97127
mdcd,Total,spend_per_vol_mean,main,all_cohorts,0.0140716499204964,0.0134315084490044,0,0
mdcd,Total,spend_per_vol_mean,main,c2014,0.0210006467026625,0.011606481912323,0,0.02831
mdcd,Total,spend_per_vol_mean,sens,all_cohorts,-0.00379447329053794,0.00967649494919831,0,0
mdcd,Total,spend_per_vol_mean,sens,c2014,-1.80801987798226e-05,0.0112065394528656,0,0.18142
mdcd,Total,vol_per_bene_mean,main,all_cohorts,-2598.63395488451,1230.64976504508,0,0
mdcd,Total,vol_per_bene_mean,main,c2014,-3086.79768133626,1471.31417933285,0,0.19402
mdcd,Total,vol_per_bene_mean,sens,all_cohorts,-677.898464610226,960.121242157123,0,0
mdcd,Total,vol_per_bene_mean,sens,c2014,-578.64125320679,1215.87026160406,0,0.11079
mdcd,Total,vol_per_capita_mean,main,all_cohorts,334.692609989387,174.205215360273,0,0
mdcd,Total,vol_per_capita_mean,main,c2014,224.873204393314,198.628299983052,0,0.06422
mdcd,Total,vol_per_capita_mean,sens,all_cohorts,669.116804486088,153.891338983297,0,0
mdcd,Total,vol_per_capita_mean,sens,c2014,656.456857796152,191.663501500783,0,0.20741
mdcr,AM,spend_per_bene_mean,main,all_cohorts,31.0248305101959,35.0252059615567,0,0
mdcr,AM,spend_per_bene_mean,main,c2014,32.6491290838724,37.4707646948816,0,0.37792
mdcr,AM,spend_per_bene_mean,sens,all_cohorts,-38.2337536765503,22.5559461245981,0,0
mdcr,AM,spend_per_bene_mean,sens,c2014,-48.4508417090566,25.1304611017628,0,0.55775
mdcr,AM,spend_per_capita_mean,main,all_cohorts,-32.6217998030424,26.0341582222299,0,0
mdcr,AM,spend_per_capita_mean,main,c2014,-36.9236619192644,32.8252766188581,0,0.05741
mdcr,AM,spend_per_capita_mean,sens,all_cohorts,-57.5774409489407,17.344271520819,0,0
mdcr,AM,spend_per_capita_mean,sens,c2014,-64.1891538886677,19.6799046766739,0,0.30299
mdcr,AM,spend_per_vol_mean,main,all_cohorts,-0.0172858632406525,0.967341445661238,0,0
mdcr,AM,spend_per_vol_mean,main,c2014,-0.278963564760472,1.16657282694287,0,0.1355
mdcr,AM,spend_per_vol_mean,sens,all_cohorts,-0.0146161002524005,0.789160493917749,0,0
mdcr,AM,spend_per_vol_mean,sens,c2014,0.269911442905301,0.847775004913331,0,0.33404
mdcr,AM,vol_per_bene_mean,main,all_cohorts,137.715473402923,163.77648701791,0,0
mdcr,AM,vol_per_bene_mean,main,c2014,161.644033775519,168.412087069329,0,0.3335
mdcr,AM,vol_per_bene_mean,sens,all_cohorts,-183.720023162497,110.289725277118,0,0
mdcr,AM,vol_per_bene_mean,sens,c2014,-249.960658810582,135.936331394536,0,0.8285
mdcr,AM,vol_per_capita_mean,main,all_cohorts,-92.230430975197,115.009814606182,0,0
mdcr,AM,vol_per_capita_mean,main,c2014,-91.6383725813635,132.914778502503,0,0.68203
mdcr,AM,vol_per_capita_mean,sens,all_cohorts,-241.010221876499,75.5666106038574,0,0
mdcr,AM,vol_per_capita_mean,sens,c2014,-288.836449969981,89.3989897358568,0,0.32388
mdcr,ED,spend_per_bene_mean,main,all_cohorts,11.2322258214091,8.36103333511392,0,0
mdcr,ED,spend_per_bene_mean,main,c2014,11.617860820519,8.66380729805432,0,0.84875
mdcr,ED,spend_per_bene_mean,sens,all_cohorts,-3.8373752493916,6.96969658680343,0,0
mdcr,ED,spend_per_bene_mean,sens,c2014,-5.71138034557999,8.55138136944121,0,0.73534
mdcr,ED,spend_per_capita_mean,main,all_cohorts,2.37320216442151,5.44217147864308,0,0
mdcr,ED,spend_per_capita_mean,main,c2014,2.38752784545104,6.27541239185593,0,0.60406
mdcr,ED,spend_per_capita_mean,sens,all_cohorts,-4.97032728581447,4.28461585843699,0,0
mdcr,ED,spend_per_capita_mean,sens,c2014,-5.93622643955012,4.98833254473232,0,0.46371
mdcr,ED,spend_per_vol_mean,main,all_cohorts,4.37229967859304,2.46399310696644,0,0
mdcr,ED,spend_per_vol_mean,main,c2014,5.54313287953243,2.63467255999862,0,0.00849
mdcr,ED,spend_per_vol_mean,sens,all_cohorts,0.350395997786055,1.98203906222988,0,0
mdcr,ED,spend_per_vol_mean,sens,c2014,1.07019885018286,2.06085275355241,0,0.11014
mdcr,ED,vol_per_bene_mean,main,all_cohorts,11.0824922743278,9.87382544536685,0,0
mdcr,ED,vol_per_bene_mean,main,c2014,10.5195878475463,10.4932737611528,0,0.92433
mdcr,ED,vol_per_bene_mean,sens,all_cohorts,-8.61352488839777,8.97811564206375,0,0
mdcr,ED,vol_per_bene_mean,sens,c2014,-12.9122266659588,10.8126205370028,0,0.10897
mdcr,ED,vol_per_capita_mean,main,all_cohorts,-2.48301975886039,5.5000025919052,0,0
mdcr,ED,vol_per_capita_mean,main,c2014,-3.42009296163063,6.2966966313363,0,0.25639
mdcr,ED,vol_per_capita_mean,sens,all_cohorts,-9.14877013110402,4.89947758714508,0,0
mdcr,ED,vol_per_capita_mean,sens,c2014,-11.4609881063741,5.55039962369823,0,0.13404
mdcr,IP,spend_per_bene_mean,main,all_cohorts,43.5576850287709,39.463487677478,0,0
mdcr,IP,spend_per_bene_mean,main,c2014,37.5067573974453,41.1520704375493,0,0.73967
mdcr,IP,spend_per_bene_mean,sens,all_cohorts,-58.1163289430374,38.6723334290062,0,0
mdcr,IP,spend_per_bene_mean,sens,c2014,-82.8469378466623,45.924326942867,0,0.1272
mdcr,IP,spend_per_capita_mean,main,all_cohorts,-2.40662067817642,27.7077022905876,0,0
mdcr,IP,spend_per_capita_mean,main,c2014,-7.94565635242214,30.3261341761751,0,0.28148
mdcr,IP,spend_per_capita_mean,sens,all_cohorts,-58.6564787281112,29.344839758041,0,0
mdcr,IP,spend_per_capita_mean,sens,c2014,-74.1305944375165,37.4558879210045,0,0.14782
mdcr,IP,spend_per_vol_mean,main,all_cohorts,53.2074666301874,24.2217507635435,0,0
mdcr,IP,spend_per_vol_mean,main,c2014,73.7309951127968,28.3566365686363,0,0.03131
mdcr,IP,spend_per_vol_mean,sens,all_cohorts,-21.3881809798576,25.8388772164242,0,0
mdcr,IP,spend_per_vol_mean,sens,c2014,-25.1732794916069,31.4733102484406,0,0.97768
mdcr,IP,vol_per_bene_mean,main,all_cohorts,4.28838034745015,2.46955033193193,0,0
mdcr,IP,vol_per_bene_mean,main,c2014,4.11612151224834,2.65948025005778,0,0.77125
mdcr,IP,vol_per_bene_mean,sens,all_cohorts,-2.60328057755269,2.55398986351059,0,0
mdcr,IP,vol_per_bene_mean,sens,c2014,-3.88157330744595,2.85769015434996,0,0.23394
mdcr,IP,vol_per_capita_mean,main,all_cohorts,0.716561858329971,1.73775120604305,0,0
mdcr,IP,vol_per_capita_mean,main,c2014,0.488307025990508,1.89393401552087,0,0.18818
mdcr,IP,vol_per_capita_mean,sens,all_cohorts,-2.94949040150024,2.0478820065743,0,0
mdcr,IP,vol_per_capita_mean,sens,c2014,-3.66357160427636,2.12868535659405,0,0.34149
mdcr,NF,spend_per_bene_mean,main,all_cohorts,26.7340411173631,41.430250728774,0,0
mdcr,NF,spend_per_bene_mean,main,c2014,40.0284488175665,51.5982605448157,0,0.10097
mdcr,NF,spend_per_bene_mean,sens,all_cohorts,-36.4317952770714,32.4137606156624,0,0
mdcr,NF,spend_per_bene_mean,sens,c2014,-38.9307046031049,35.1671572182235,0,0.14624
mdcr,NF,spend_per_capita_mean,main,all_cohorts,13.9475739998801,36.0797371973853,0,0
mdcr,NF,spend_per_capita_mean,main,c2014,24.8827086246258,43.6662210505655,0,0.25443
mdcr,NF,spend_per_capita_mean,sens,all_cohorts,-34.8540850726462,26.0388143166356,0,0
mdcr,NF,spend_per_capita_mean,sens,c2014,-35.9805991400688,32.993215577433,0,0.35304
mdcr,NF,spend_per_vol_mean,main,all_cohorts,192.884274178781,77.5407123638661,0,0
mdcr,NF,spend_per_vol_mean,main,c2014,248.969653874667,93.2193633029472,0,0.26268
mdcr,NF,spend_per_vol_mean,sens,all_cohorts,-48.8890801724723,71.0267329232056,0,0
mdcr,NF,spend_per_vol_mean,sens,c2014,-43.1720299680305,90.1997450214046,0,0.08301
mdcr,NF,vol_per_bene_mean,main,all_cohorts,1.94998342790937,3.73800473736283,0,0
mdcr,NF,vol_per_bene_mean,main,c2014,2.99466113215727,4.28456319515129,0,0.04747
mdcr,NF,vol_per_bene_mean,sens,all_cohorts,-2.94304263515419,2.67514307435589,0,0
mdcr,NF,vol_per_bene_mean,sens,c2014,-3.14592515847483,3.04640847585817,0,0.36191
mdcr,NF,vol_per_capita_mean,main,all_cohorts,0.82436172755875,3.12035896431897,0,0
mdcr,NF,vol_per_capita_mean,main,c2014,1.66488629945122,3.42169952270294,0,0.17427
mdcr,NF,vol_per_capita_mean,sens,all_cohorts,-2.83540219424054,2.25439901855267,0,0
mdcr,NF,vol_per_capita_mean,sens,c2014,-2.9121750076958,2.80944613323499,0,0.61976
mdcr,RX,spend_per_bene_mean,main,all_cohorts,42.6838476458528,24.3756324617583,0,0
mdcr,RX,spend_per_bene_mean,main,c2014,59.6320233478979,26.002927056913,0,0.00825
mdcr,RX,spend_per_bene_mean,sens,all_cohorts,50.6859303589744,26.2280501223337,0,0
mdcr,RX,spend_per_bene_mean,sens,c2014,64.5083724853266,27.4973479376227,0,0.0033
mdcr,RX,spend_per_capita_mean,main,all_cohorts,-1.83560156643928,22.869269760362,0,0
mdcr,RX,spend_per_capita_mean,main,c2014,-6.71956852872541,27.0505410214924,0,0.00748
mdcr,RX,spend_per_capita_mean,sens,all_cohorts,34.7773142162226,16.6687308479747,0,0
mdcr,RX,spend_per_capita_mean,sens,c2014,36.5187008381805,20.013388483314,0,0.04318
mdcr,RX,spend_per_vol_mean,main,all_cohorts,0.0399120559871234,0.449210172647994,0,0
mdcr,RX,spend_per_vol_mean,main,c2014,0.235115807348208,0.553236390292169,0,0.49657
mdcr,RX,spend_per_vol_mean,sens,all_cohorts,0.696387476356325,0.390625261310405,0,0
mdcr,RX,spend_per_vol_mean,sens,c2014,0.9202554284518,0.424799041137858,0,0.37555
mdcr,RX,vol_per_bene_mean,main,all_cohorts,611.123605204291,335.069876813959,0,0
mdcr,RX,vol_per_bene_mean,main,c2014,777.207301575897,403.682988852433,0,0.00019
mdcr,RX,vol_per_bene_mean,sens,all_cohorts,637.213269581506,313.361707169549,0,0
mdcr,RX,vol_per_bene_mean,sens,c2014,794.835638317705,395.924854717668,0,0.00244
mdcr,RX,vol_per_capita_mean,main,all_cohorts,-153.621904867777,293.490602973419,0,0
mdcr,RX,vol_per_capita_mean,main,c2014,-288.494366449227,341.32886491516,0,0.0013
mdcr,RX,vol_per_capita_mean,sens,all_cohorts,283.405628521344,232.120061531397,0,0
mdcr,RX,vol_per_capita_mean,sens,c2014,265.440938402942,271.035786147962,0,0.05194
mdcr,Total,spend_per_bene_mean,main,all_cohorts,155.23263012359,110.665500450096,0,0
mdcr,Total,spend_per_bene_mean,main,c2014,181.434219467299,123.826770031943,0,0.31943
mdcr,Total,spend_per_bene_mean,sens,all_cohorts,-85.9333227870771,85.2613953327303,0,0
mdcr,Total,spend_per_bene_mean,sens,c2014,-111.431492019078,97.795066721989,0,0.20657
mdcr,Total,spend_per_capita_mean,main,all_cohorts,-20.5432458833569,69.8234482417537,0,0
mdcr,Total,spend_per_capita_mean,main,c2014,-24.3186503303354,77.7123858073293,0,0.2145
mdcr,Total,spend_per_capita_mean,sens,all_cohorts,-121.28101781929,59.0198871861172,0,0
mdcr,Total,spend_per_capita_mean,sens,c2014,-143.717873067623,67.2618776071031,0,0.18199
mdcr,Total,spend_per_vol_mean,main,all_cohorts,0.000444174523204357,0.00319023510305487,0,0
mdcr,Total,spend_per_vol_mean,main,c2014,0.00125309073784487,0.00334600267614253,0,0.00261
mdcr,Total,spend_per_vol_mean,sens,all_cohorts,-0.00517306207199366,0.00278737130717178,0,0
mdcr,Total,spend_per_vol_mean,sens,c2014,-0.00553969563734953,0.00301855283495282,0,0.06959
mdcr,Total,vol_per_bene_mean,main,all_cohorts,766.1599346569,405.644378715527,0,0
mdcr,Total,vol_per_bene_mean,main,c2014,956.481705843367,474.149270689903,0,0.00011
mdcr,Total,vol_per_bene_mean,sens,all_cohorts,439.333398317905,309.889088620517,0,0
mdcr,Total,vol_per_bene_mean,sens,c2014,524.935254375244,365.226784719092,0,0.00631
mdcr,Total,vol_per_capita_mean,main,all_cohorts,-246.794432015947,299.894205878325,0,0
mdcr,Total,vol_per_capita_mean,main,c2014,-381.39963866678,331.795187305018,0,0.00393
mdcr,Total,vol_per_capita_mean,sens,all_cohorts,27.4617439179994,242.477948957987,0,0
mdcr,Total,vol_per_capita_mean,sens,c2014,-41.4322462853863,280.658810839404,0,0.04174
oop,AM,spend_per_capita_mean,main,all_cohorts,-16.478435087398,27.2479575425071,0,0
oop,AM,spend_per_capita_mean,main,c2014,-16.9568654814402,29.8687306748124,0,0.00028
oop,AM,spend_per_capita_mean,sens,all_cohorts,-29.0168640270008,12.4197905491064,0,0
oop,AM,spend_per_capita_mean,sens,c2014,-31.9688584896747,15.270145109935,0,3e-05
oop,AM,spend_per_vol_mean,main,all_cohorts,2.35670990550528,2.29226832235465,0,0
oop,AM,spend_per_vol_mean,main,c2014,3.45304208111725,2.48917409496781,0,0.00042
oop,AM,spend_per_vol_mean,sens,all_cohorts,-2.84190260817488,1.81947357217532,0,0
oop,AM,spend_per_vol_mean,sens,c2014,-3.18786787078583,2.40669683959996,0,0.61027
oop,AM,vol_per_capita_mean,main,all_cohorts,-265.821658295163,234.745058073253,0,0
oop,AM,vol_per_capita_mean,main,c2014,-329.339127984069,345.434979323989,0,4e-05
oop,AM,vol_per_capita_mean,sens,all_cohorts,-181.170159854115,107.530955964708,0,0
oop,AM,vol_per_capita_mean,sens,c2014,-211.639209183057,122.935688387604,0,5e-05
oop,ED,spend_per_capita_mean,main,all_cohorts,-0.944051556848043,1.21978502059056,0,0
oop,ED,spend_per_capita_mean,main,c2014,-0.996725024905128,1.59297294214195,0,0.00063
oop,ED,spend_per_capita_mean,sens,all_cohorts,-1.50660299543817,0.625634752702233,0,0
oop,ED,spend_per_capita_mean,sens,c2014,-1.67352240340074,0.821211589237422,0,0
oop,ED,spend_per_vol_mean,main,all_cohorts,-5.08290393354138,2.36980013174771,0,0
oop,ED,spend_per_vol_mean,main,c2014,-5.39477660879837,2.59793174837284,0,0.02765
oop,ED,spend_per_vol_mean,sens,all_cohorts,-9.51521791647883,2.75424499248383,0,0
oop,ED,spend_per_vol_mean,sens,c2014,-10.4280128066675,3.2994977619894,0,0.36261
oop,ED,vol_per_capita_mean,main,all_cohorts,3.83058250623663,12.282508692157,0,0
oop,ED,vol_per_capita_mean,main,c2014,-4.30300244187924,18.1723491968363,0,0.04303
oop,ED,vol_per_capita_mean,sens,all_cohorts,9.08909936946545,7.5807939223627,0,0
oop,ED,vol_per_capita_mean,sens,c2014,2.76032451751865,7.90750641877087,0,0.0059
oop,IP,spend_per_capita_mean,main,all_cohorts,-4.84002960034345,6.71131567648258,0,0
oop,IP,spend_per_capita_mean,main,c2014,-4.99378279618163,8.51580368178026,0,0.00416
oop,IP,spend_per_capita_mean,sens,all_cohorts,-7.50082945688558,3.75859655234944,0,0
oop,IP,spend_per_capita_mean,sens,c2014,-8.19532306580168,4.47737158450375,0,3e-05
oop,IP,spend_per_vol_mean,main,all_cohorts,35.5476939117652,24.1226886468566,0,0.00098
oop,IP,spend_per_vol_mean,main,c2014,46.9851317529726,29.9124772426658,0,0.03059
oop,IP,spend_per_vol_mean,sens,all_cohorts,-20.2102450392904,14.4041522594006,0,0
oop,IP,spend_per_vol_mean,sens,c2014,-21.5087147546166,15.9881227445723,0,0.21661
oop,IP,vol_per_capita_mean,main,all_cohorts,-9.35280298013608,6.21719124196274,0,0
oop,IP,vol_per_capita_mean,main,c2014,-12.1483878040422,8.61831097744643,0,0.32091
oop,IP,vol_per_capita_mean,sens,all_cohorts,-5.99754879130478,2.99166188824521,0,0
oop,IP,vol_per_capita_mean,sens,c2014,-7.56330310233416,3.37966557334983,0,0.31387
oop,NF,spend_per_capita_mean,main,all_cohorts,5.1147261637544,8.0640477613565,0,0
oop,NF,spend_per_capita_mean,main,c2014,3.20731210317782,8.5944226730302,0,0.00817
oop,NF,spend_per_capita_mean,sens,all_cohorts,20.9966558886851,8.20318582000182,0,0
oop,NF,spend_per_capita_mean,sens,c2014,20.9023056581691,9.28718535195999,0,0.01227
oop,NF,spend_per_vol_mean,main,all_cohorts,-24.7262099180418,10.9473372029967,0,0
oop,NF,spend_per_vol_mean,main,c2014,-20.229471288646,12.275826812643,0,0.1349
oop,NF,spend_per_vol_mean,sens,all_cohorts,-48.7457497761341,9.75130918720233,0,0
oop,NF,spend_per_vol_mean,sens,c2014,-49.7210933282899,11.6638782247918,0,0.18432
oop,NF,vol_per_capita_mean,main,all_cohorts,12.3898896878686,8.52915905016005,0,0
oop,NF,vol_per_capita_mean,main,c2014,9.09618280881864,7.96332931926335,0,0.23266
oop,NF,vol_per_capita_mean,sens,all_cohorts,30.0792254230946,7.99910887773166,0,0
oop,NF,vol_per_capita_mean,sens,c2014,29.1922992448368,8.64795614293507,0,0.10406
oop,RX,spend_per_capita_mean,main,all_cohorts,-14.5924974793731,19.9676943756131,0,0
oop,RX,spend_per_capita_mean,main,c2014,-15.5903709846544,24.1082472049391,0,0.0491
oop,RX,spend_per_capita_mean,sens,all_cohorts,-3.52329944577252,9.28883810780643,0,0
oop,RX,spend_per_capita_mean,sens,c2014,-1.61960945522177,9.64964496977051,0,0.00819
oop,RX,spend_per_vol_mean,main,all_cohorts,-0.315860079457266,0.205982368054308,0,0
oop,RX,spend_per_vol_mean,main,c2014,-0.208992175577011,0.246107852710718,0,0.0159
oop,RX,spend_per_vol_mean,sens,all_cohorts,-0.493607872942561,0.115936535477066,0,0
oop,RX,spend_per_vol_mean,sens,c2014,-0.449613343467138,0.13560312221896,0,0.00106
oop,RX,vol_per_capita_mean,main,all_cohorts,-745.394189965182,1561.48290245348,0,0
oop,RX,vol_per_capita_mean,main,c2014,-835.938671392679,1573.88302665263,0,0.10292
oop,RX,vol_per_capita_mean,sens,all_cohorts,311.793114060541,733.355305400223,0,0
oop,RX,vol_per_capita_mean,sens,c2014,498.558638311407,821.311429063933,0,0.02043
oop,Total,spend_per_capita_mean,main,all_cohorts,-31.7402875602082,48.2869963965935,0,0
oop,Total,spend_per_capita_mean,main,c2014,-35.3304321840035,56.690557291669,0,8e-05
oop,Total,spend_per_capita_mean,sens,all_cohorts,-20.550940036412,22.4069077044464,0,0
oop,Total,spend_per_capita_mean,sens,c2014,-22.5550077559297,25.3312308502967,0,2e-05
oop,Total,spend_per_vol_mean,main,all_cohorts,0.00107756783737982,0.00244262267320805,0,0
oop,Total,spend_per_vol_mean,main,c2014,0.00143453193288529,0.00265496333794894,0,0.31712
oop,Total,spend_per_vol_mean,sens,all_cohorts,-0.000597277008899202,0.00121383236543901,0,0
oop,Total,spend_per_vol_mean,sens,c2014,-0.000699529930500878,0.00146088863493055,0,0.65971
oop,Total,vol_per_capita_mean,main,all_cohorts,-1004.34817904638,1698.74691349641,0,0
oop,Total,vol_per_capita_mean,main,c2014,-1172.63300681385,2036.77984542161,0,0.00726
oop,Total,vol_per_capita_mean,sens,all_cohorts,163.793730207681,821.476087462099,0,0
oop,Total,vol_per_capita_mean,sens,c2014,311.308749788371,871.630385078119,0,0.00304
priv,AM,spend_per_bene_mean,main,all_cohorts,108.484755937364,53.2098403870922,0,0
priv,AM,spend_per_bene_mean,main,c2014,121.924561280294,63.691277241201,0,0.14379
priv,AM,spend_per_bene_mean,sens,all_cohorts,39.9790829167505,29.3265637528485,0,0
priv,AM,spend_per_bene_mean,sens,c2014,37.4940907030324,31.7110496826094,0,0.02564
priv,AM,spend_per_capita_mean,main,all_cohorts,25.2876513228029,29.9112094684936,0,0
priv,AM,spend_per_capita_mean,main,c2014,33.871282711648,37.832082101034,0,0.09249
priv,AM,spend_per_capita_mean,sens,all_cohorts,-16.0819594950947,21.0167592845596,0,0
priv,AM,spend_per_capita_mean,sens,c2014,-15.0075601192316,25.0225945583625,0,0.01033
priv,AM,spend_per_vol_mean,main,all_cohorts,0.504286535309851,2.90745098821032,0,0
priv,AM,spend_per_vol_mean,main,c2014,1.84850615316874,3.34785448321118,0,0.11148
priv,AM,spend_per_vol_mean,sens,all_cohorts,3.50821432386386,2.32016320613718,0,0
priv,AM,spend_per_vol_mean,sens,c2014,4.32912594375528,2.39693756773899,0,0.15091
priv,AM,vol_per_bene_mean,main,all_cohorts,305.013517729901,201.099188421314,0,0
priv,AM,vol_per_bene_mean,main,c2014,304.290671122724,224.690361772103,0,0.00643
priv,AM,vol_per_bene_mean,sens,all_cohorts,57.5675674062088,87.687891111735,0,0
priv,AM,vol_per_bene_mean,sens,c2014,20.0906218403816,100.085072920164,0,0.00176
priv,AM,vol_per_capita_mean,main,all_cohorts,62.5876884462017,133.1871162511,0,0
priv,AM,vol_per_capita_mean,main,c2014,61.4136909976646,134.14404609753,0,0.00649
priv,AM,vol_per_capita_mean,sens,all_cohorts,-71.1834404579532,64.0259302861549,0,0
priv,AM,vol_per_capita_mean,sens,c2014,-91.3077580815308,70.8783120196936,0,0.00137
priv,ED,spend_per_bene_mean,main,all_cohorts,3.46063657167521,2.09586050349808,0,0
priv,ED,spend_per_bene_mean,main,c2014,4.21941047860885,2.59755069665573,0,0.1296
priv,ED,spend_per_bene_mean,sens,all_cohorts,0.169211649425639,1.50311918414328,0,0
priv,ED,spend_per_bene_mean,sens,c2014,0.0522218944459328,1.65118471643879,0,0.19692
priv,ED,spend_per_capita_mean,main,all_cohorts,-0.494650047321527,1.28615969500905,0,0
priv,ED,spend_per_capita_mean,main,c2014,-0.100234273892496,1.34097953537402,0,0.15309
priv,ED,spend_per_capita_mean,sens,all_cohorts,-1.85569135897551,1.01028023754919,0,0
priv,ED,spend_per_capita_mean,sens,c2014,-1.75081071446484,1.20686023253283,0,0.07778
priv,ED,spend_per_vol_mean,main,all_cohorts,-4.81061656394605,23.4350705335397,0,0
priv,ED,spend_per_vol_mean,main,c2014,-5.89483096015051,25.3015176067349,0,0.11908
priv,ED,spend_per_vol_mean,sens,all_cohorts,-14.2892686018121,16.0779478651849,0,0
priv,ED,spend_per_vol_mean,sens,c2014,-17.75416363055,18.2485306923919,0,0.71562
priv,ED,vol_per_bene_mean,main,all_cohorts,3.63204523724286,2.73313844511855,0,0
priv,ED,vol_per_bene_mean,main,c2014,3.6744877819884,2.97953163139304,0,0.10676
priv,ED,vol_per_bene_mean,sens,all_cohorts,0.8867697821746,2.00669400772834,0,0
priv,ED,vol_per_bene_mean,sens,c2014,0.465493535656382,2.33010247190179,0,0.63611
priv,ED,vol_per_capita_mean,main,all_cohorts,0.14184080361055,1.92116106316386,0,0
priv,ED,vol_per_capita_mean,main,c2014,0.232365914506501,2.21147136379658,0,0.0851
priv,ED,vol_per_capita_mean,sens,all_cohorts,-1.03652749156211,1.2599667576736,0,0
priv,ED,vol_per_capita_mean,sens,c2014,-1.16676122618377,1.35026185427089,0,0.32841
priv,IP,spend_per_bene_mean,main,all_cohorts,33.5447660131135,28.8969521259623,0,0
priv,IP,spend_per_bene_mean,main,c2014,38.7538062210298,36.0347168691305,0,0.24514
priv,IP,spend_per_bene_mean,sens,all_cohorts,-9.12328543862167,12.9227284372588,0,0
priv,IP,spend_per_bene_mean,sens,c2014,-13.4518541155624,15.0549297536508,0,0.23166
priv,IP,spend_per_capita_mean,main,all_cohorts,3.44928543008137,16.7921806498194,0,0
priv,IP,spend_per_capita_mean,main,c2014,6.63857901977561,21.7660112115152,0,0.27492
priv,IP,spend_per_capita_mean,sens,all_cohorts,-21.7668540325081,10.6312926929359,0,0
priv,IP,spend_per_capita_mean,sens,c2014,-23.5234963412092,10.7894186836426,0,0.08525
priv,IP,spend_per_vol_mean,main,all_cohorts,-49.2262829782924,161.85755805066,0,0
priv,IP,spend_per_vol_mean,main,c2014,-34.2238490104518,195.394777528878,0,0.11508
priv,IP,spend_per_vol_mean,sens,all_cohorts,294.655776534073,135.387661153517,0,0
priv,IP,spend_per_vol_mean,sens,c2014,348.382459152062,153.844601350212,0,0.00961
priv,IP,vol_per_bene_mean,main,all_cohorts,1.41861578980224,1.57028890415119,0,0
priv,IP,vol_per_bene_mean,main,c2014,1.49782222138892,1.80324673276295,0,0.40273
priv,IP,vol_per_bene_mean,sens,all_cohorts,-1.2492304736874,0.932477149648439,0,0
priv,IP,vol_per_bene_mean,sens,c2014,-1.66391374492423,1.07940727911349,0,0.10268
priv,IP,vol_per_capita_mean,main,all_cohorts,0.0746115727931554,0.944454656026737,0,0
priv,IP,vol_per_capita_mean,main,c2014,0.136469360413928,1.13381224801544,0,0.19271
priv,IP,vol_per_capita_mean,sens,all_cohorts,-1.47345793050375,0.62490948270655,0,0
priv,IP,vol_per_capita_mean,sens,c2014,-1.68760054707803,0.746427471310433,0,0.06412
priv,NF,spend_per_bene_mean,main,all_cohorts,8.10550743970341,7.79657193324635,0,0
priv,NF,spend_per_bene_mean,main,c2014,8.25561771663296,9.05659236980118,0,0.84542
priv,NF,spend_per_bene_mean,sens,all_cohorts,12.205904592671,4.43007374006338,0,0
priv,NF,spend_per_bene_mean,sens,c2014,12.8267877928568,5.51371510351964,0,0.80589
priv,NF,spend_per_capita_mean,main,all_cohorts,3.422681308191,5.08224154527544,0,0
priv,NF,spend_per_capita_mean,main,c2014,3.47644931705196,6.07690004909476,0,0.2859
priv,NF,spend_per_capita_mean,sens,all_cohorts,6.30008173236126,2.81925814549585,0,0
priv,NF,spend_per_capita_mean,sens,c2014,6.60107780435215,3.40163121848648,0,0.52093
priv,NF,spend_per_vol_mean,main,all_cohorts,71.4249200539324,66.9846249857999,0,0
priv,NF,spend_per_vol_mean,main,c2014,138.207983003346,61.6173478991925,0,0.00038
priv,NF,spend_per_vol_mean,sens,all_cohorts,31.9787397998317,48.3725062872047,0,0
priv,NF,spend_per_vol_mean,sens,c2014,73.6769600222879,52.7422795750518,0,0.00086
priv,NF,vol_per_bene_mean,main,all_cohorts,1.85419725765221,1.91480901029665,0,0
priv,NF,vol_per_bene_mean,main,c2014,1.59203021804457,2.06051842624358,0,0.03323
priv,NF,vol_per_bene_mean,sens,all_cohorts,2.58458506893376,1.05495987865197,0,0
priv,NF,vol_per_bene_mean,sens,c2014,2.518378901312,1.23182635204203,0,0.02435
priv,NF,vol_per_capita_mean,main,all_cohorts,0.708555481837422,1.19485838695903,0,0
priv,NF,vol_per_capita_mean,main,c2014,0.54689470325515,1.35467062933624,0,0.027
priv,NF,vol_per_capita_mean,sens,all_cohorts,1.28597155827823,0.661018314057493,0,0
priv,NF,vol_per_capita_mean,sens,c2014,1.23064371817051,0.786438880638736,0,0.05412
priv,RX,spend_per_bene_mean,main,all_cohorts,26.1958303056226,26.9261754444481,0,0
priv,RX,spend_per_bene_mean,main,c2014,34.3515364695888,29.8849402997937,0,0.15395
priv,RX,spend_per_bene_mean,sens,all_cohorts,64.216799827968,29.9180767399433,0,0
priv,RX,spend_per_bene_mean,sens,c2014,76.8749489510568,35.2061008737878,0,0.02028
priv,RX,spend_per_capita_mean,main,all_cohorts,-0.398033996415948,18.7329328822889,0,0
priv,RX,spend_per_capita_mean,main,c2014,1.72860970964957,22.713955177601,0,0.02136
priv,RX,spend_per_capita_mean,sens,all_cohorts,31.9217349265165,19.3767545624129,0,0
priv,RX,spend_per_capita_mean,sens,c2014,38.6942111727358,22.4007784480858,0,0.00238
priv,RX,spend_per_vol_mean,main,all_cohorts,0.642296282444201,1.5286310699036,0,0
priv,RX,spend_per_vol_mean,main,c2014,0.762594358362797,1.84544508332517,0,0.50852
priv,RX,spend_per_vol_mean,sens,all_cohorts,0.476010518509142,0.849955676186639,0,0
priv,RX,spend_per_vol_mean,sens,c2014,0.768507890266655,1.03737993785294,0,0.23932
priv,RX,vol_per_bene_mean,main,all_cohorts,137.920724147372,213.407924129695,0,0
priv,RX,vol_per_bene_mean,main,c2014,194.8572969206,281.90837528028,0,0.09965
priv,RX,vol_per_bene_mean,sens,all_cohorts,608.44960550759,272.954382857838,0,0
priv,RX,vol_per_bene_mean,sens,c2014,720.047538455073,333.558819826696,0,0.05443
priv,RX,vol_per_capita_mean,main,all_cohorts,-58.9265571354275,138.0631454258,0,0
priv,RX,vol_per_capita_mean,main,c2014,-49.3356817398234,161.640006912666,0,0.03062
priv,RX,vol_per_capita_mean,sens,all_cohorts,307.180039970301,159.020104417104,0,0
priv,RX,vol_per_capita_mean,sens,c2014,365.339289711567,229.047362541325,0,0.01099
priv,Total,spend_per_bene_mean,main,all_cohorts,179.791496267478,94.7315985317132,0,0
priv,Total,spend_per_bene_mean,main,c2014,207.504932166154,120.782993420151,0,0.19648
priv,Total,spend_per_bene_mean,sens,all_cohorts,107.447713548193,49.0421368991704,0,0
priv,Total,spend_per_bene_mean,sens,c2014,113.796195225829,61.6461707514995,0,0.03998
priv,Total,spend_per_capita_mean,main,all_cohorts,31.2669340173378,56.0053055938952,0,0
priv,Total,spend_per_capita_mean,main,c2014,45.6146864842326,68.9291383209351,0,0.06699
priv,Total,spend_per_capita_mean,sens,all_cohorts,-1.48268822770049,34.977288863891,0,0
priv,Total,spend_per_capita_mean,sens,c2014,5.0134218021824,41.4789111258761,0,0.01236
priv,Total,spend_per_vol_mean,main,all_cohorts,0.00473566868594515,0.00531052138091279,0,0
priv,Total,spend_per_vol_mean,main,c2014,0.00599969509993493,0.00619612145532375,0,0.14073
priv,Total,spend_per_vol_mean,sens,all_cohorts,-0.0080425180732824,0.00461442622567819,0,0
priv,Total,spend_per_vol_mean,sens,c2014,-0.00883307230604533,0.00567700173239107,0,0.41612
priv,Total,vol_per_bene_mean,main,all_cohorts,449.839100161969,312.682018182665,0,0
priv,Total,vol_per_bene_mean,main,c2014,505.912308264746,423.063795369857,0,0.04456
priv,Total,vol_per_bene_mean,sens,all_cohorts,668.23929729122,264.081669387818,0,0
priv,Total,vol_per_bene_mean,sens,c2014,741.458118987499,315.458021954304,0,0.0064
priv,Total,vol_per_capita_mean,main,all_cohorts,4.58613916901436,196.840705356897,0,0
priv,Total,vol_per_capita_mean,main,c2014,12.9937392360164,259.098596253536,0,0.00888
priv,Total,vol_per_capita_mean,sens,all_cohorts,234.77258564856,202.00861510554,0,0
priv,Total,vol_per_capita_mean,sens,c2014,272.407813574944,236.544262358065,0,0.00076
